-- phpMyAdmin SQL Dump
-- version 4.6.6deb5
-- https://www.phpmyadmin.net/
--
-- Host: localhost:3306
-- Generation Time: Apr 23, 2020 at 02:07 AM
-- Server version: 5.7.29-0ubuntu0.18.04.1
-- PHP Version: 7.0.28-0ubuntu0.16.04.1

SET SQL_MODE = "NO_AUTO_VALUE_ON_ZERO";
SET time_zone = "+00:00";


/*!40101 SET @OLD_CHARACTER_SET_CLIENT=@@CHARACTER_SET_CLIENT */;
/*!40101 SET @OLD_CHARACTER_SET_RESULTS=@@CHARACTER_SET_RESULTS */;
/*!40101 SET @OLD_COLLATION_CONNECTION=@@COLLATION_CONNECTION */;
/*!40101 SET NAMES utf8mb4 */;

--
-- Database: `skripsi_fuzzy`
--

-- --------------------------------------------------------

--
-- Table structure for table `aturan`
--

CREATE TABLE `aturan` (
  `id` int(11) NOT NULL,
  `nama_aturan` varchar(100) NOT NULL,
  `created_at` timestamp NULL DEFAULT NULL,
  `updated_at` timestamp NULL DEFAULT NULL
) ENGINE=InnoDB DEFAULT CHARSET=latin1;

--
-- Dumping data for table `aturan`
--

INSERT INTO `aturan` (`id`, `nama_aturan`, `created_at`, `updated_at`) VALUES
(1, 'Aturan 1', '2020-04-10 17:31:22', '2020-04-10 17:31:22'),
(2, 'Aturan 2', '2020-04-10 17:31:22', '2020-04-10 17:31:22'),
(3, 'Aturan 3', '2020-04-10 17:31:22', '2020-04-10 17:31:22'),
(4, 'Aturan 4', '2020-04-10 17:31:23', '2020-04-10 17:31:23'),
(5, 'Aturan 5', '2020-04-10 17:31:23', '2020-04-10 17:31:23'),
(6, 'Aturan 6', '2020-04-10 17:31:23', '2020-04-10 17:31:23'),
(7, 'Aturan 7', '2020-04-10 17:31:23', '2020-04-10 17:31:23'),
(8, 'Aturan 8', '2020-04-10 17:31:24', '2020-04-10 17:31:24'),
(9, 'Aturan 9', '2020-04-10 17:31:24', '2020-04-10 17:31:24'),
(10, 'Aturan 10', '2020-04-10 17:31:24', '2020-04-10 17:31:24'),
(11, 'Aturan 11', '2020-04-10 17:31:24', '2020-04-10 17:31:24'),
(12, 'Aturan 12', '2020-04-10 17:31:25', '2020-04-10 17:31:25'),
(13, 'Aturan 13', '2020-04-10 17:31:25', '2020-04-10 17:31:25'),
(14, 'Aturan 14', '2020-04-10 17:31:25', '2020-04-10 17:31:25'),
(15, 'Aturan 15', '2020-04-10 17:31:25', '2020-04-10 17:31:25'),
(16, 'Aturan 16', '2020-04-10 17:31:26', '2020-04-10 17:31:26'),
(17, 'Aturan 17', '2020-04-10 17:31:28', '2020-04-10 17:31:28'),
(18, 'Aturan 18', '2020-04-10 17:31:28', '2020-04-10 17:31:28'),
(19, 'Aturan 19', '2020-04-10 17:31:28', '2020-04-10 17:31:28'),
(20, 'Aturan 20', '2020-04-10 17:31:28', '2020-04-10 17:31:28'),
(21, 'Aturan 21', '2020-04-10 17:31:29', '2020-04-10 17:31:29'),
(22, 'Aturan 22', '2020-04-10 17:31:29', '2020-04-10 17:31:29'),
(23, 'Aturan 23', '2020-04-10 17:31:29', '2020-04-10 17:31:29'),
(24, 'Aturan 24', '2020-04-10 17:31:29', '2020-04-10 17:31:29'),
(25, 'Aturan 25', '2020-04-10 17:31:30', '2020-04-10 17:31:30'),
(26, 'Aturan 26', '2020-04-10 17:31:30', '2020-04-10 17:31:30'),
(27, 'Aturan 27', '2020-04-10 17:31:30', '2020-04-10 17:31:30'),
(28, 'Aturan 28', '2020-04-10 17:31:31', '2020-04-10 17:31:31'),
(29, 'Aturan 29', '2020-04-10 17:31:31', '2020-04-10 17:31:31'),
(30, 'Aturan 30', '2020-04-10 17:31:31', '2020-04-10 17:31:31'),
(31, 'Aturan 31', '2020-04-10 17:31:31', '2020-04-10 17:31:31'),
(32, 'Aturan 32', '2020-04-10 17:31:32', '2020-04-10 17:31:32'),
(33, 'Aturan 33', '2020-04-10 17:31:32', '2020-04-10 17:31:32'),
(34, 'Aturan 34', '2020-04-10 17:31:32', '2020-04-10 17:31:32'),
(35, 'Aturan 35', '2020-04-10 17:31:32', '2020-04-10 17:31:32'),
(36, 'Aturan 36', '2020-04-10 17:31:33', '2020-04-10 17:31:33'),
(37, 'Aturan 37', '2020-04-10 17:31:33', '2020-04-10 17:31:33'),
(38, 'Aturan 38', '2020-04-10 17:31:33', '2020-04-10 17:31:33'),
(39, 'Aturan 39', '2020-04-10 17:31:33', '2020-04-10 17:31:33'),
(40, 'Aturan 40', '2020-04-10 17:31:34', '2020-04-10 17:31:34'),
(41, 'Aturan 41', '2020-04-10 17:31:34', '2020-04-10 17:31:34'),
(42, 'Aturan 42', '2020-04-10 17:31:34', '2020-04-10 17:31:34'),
(43, 'Aturan 43', '2020-04-10 17:31:34', '2020-04-10 17:31:34'),
(44, 'Aturan 44', '2020-04-10 17:31:35', '2020-04-10 17:31:35'),
(45, 'Aturan 45', '2020-04-10 17:31:35', '2020-04-10 17:31:35'),
(46, 'Aturan 46', '2020-04-10 17:31:35', '2020-04-10 17:31:35'),
(47, 'Aturan 47', '2020-04-10 17:31:36', '2020-04-10 17:31:36'),
(48, 'Aturan 48', '2020-04-10 17:31:36', '2020-04-10 17:31:36'),
(49, 'Aturan 49', '2020-04-10 17:31:36', '2020-04-10 17:31:36'),
(50, 'Aturan 50', '2020-04-10 17:31:36', '2020-04-10 17:31:36'),
(51, 'Aturan 51', '2020-04-10 17:31:36', '2020-04-10 17:31:36'),
(52, 'Aturan 52', '2020-04-10 17:31:37', '2020-04-10 17:31:37'),
(53, 'Aturan 53', '2020-04-10 17:31:37', '2020-04-10 17:31:37'),
(54, 'Aturan 54', '2020-04-10 17:31:37', '2020-04-10 17:31:37'),
(55, 'Aturan 55', '2020-04-10 17:31:37', '2020-04-10 17:31:37'),
(56, 'Aturan 56', '2020-04-10 17:31:38', '2020-04-10 17:31:38'),
(57, 'Aturan 57', '2020-04-10 17:31:38', '2020-04-10 17:31:38'),
(58, 'Aturan 58', '2020-04-10 17:31:38', '2020-04-10 17:31:38'),
(59, 'Aturan 59', '2020-04-10 17:31:39', '2020-04-10 17:31:39'),
(60, 'Aturan 60', '2020-04-10 17:31:39', '2020-04-10 17:31:39'),
(61, 'Aturan 61', '2020-04-10 17:31:39', '2020-04-10 17:31:39'),
(62, 'Aturan 62', '2020-04-10 17:31:39', '2020-04-10 17:31:39'),
(63, 'Aturan 63', '2020-04-10 17:31:40', '2020-04-10 17:31:40'),
(64, 'Aturan 64', '2020-04-10 17:31:40', '2020-04-10 17:31:40'),
(65, 'Aturan 65', '2020-04-10 17:31:40', '2020-04-10 17:31:40'),
(66, 'Aturan 66', '2020-04-10 17:31:40', '2020-04-10 17:31:40'),
(67, 'Aturan 67', '2020-04-10 17:31:41', '2020-04-10 17:31:41'),
(68, 'Aturan 68', '2020-04-10 17:31:41', '2020-04-10 17:31:41'),
(69, 'Aturan 69', '2020-04-10 17:31:41', '2020-04-10 17:31:41'),
(70, 'Aturan 70', '2020-04-10 17:31:41', '2020-04-10 17:31:41'),
(71, 'Aturan 71', '2020-04-10 17:31:41', '2020-04-10 17:31:41'),
(72, 'Aturan 72', '2020-04-10 17:31:42', '2020-04-10 17:31:42'),
(73, 'Aturan 73', '2020-04-10 17:31:42', '2020-04-10 17:31:42'),
(74, 'Aturan 74', '2020-04-10 17:31:42', '2020-04-10 17:31:42'),
(75, 'Aturan 75', '2020-04-10 17:31:43', '2020-04-10 17:31:43'),
(76, 'Aturan 76', '2020-04-10 17:31:43', '2020-04-10 17:31:43'),
(77, 'Aturan 77', '2020-04-10 17:31:43', '2020-04-10 17:31:43'),
(78, 'Aturan 78', '2020-04-10 17:31:43', '2020-04-10 17:31:43'),
(79, 'Aturan 79', '2020-04-10 17:31:44', '2020-04-10 17:31:44'),
(80, 'Aturan 80', '2020-04-10 17:31:44', '2020-04-10 17:31:44'),
(81, 'Aturan 81', '2020-04-10 17:31:44', '2020-04-10 17:31:44'),
(82, 'Aturan 82', '2020-04-10 17:31:44', '2020-04-10 17:31:44'),
(83, 'Aturan 83', '2020-04-10 17:31:45', '2020-04-10 17:31:45'),
(84, 'Aturan 84', '2020-04-10 17:31:45', '2020-04-10 17:31:45'),
(85, 'Aturan 85', '2020-04-10 17:31:45', '2020-04-10 17:31:45'),
(86, 'Aturan 86', '2020-04-10 17:31:45', '2020-04-10 17:31:45'),
(87, 'Aturan 87', '2020-04-10 17:31:46', '2020-04-10 17:31:46'),
(88, 'Aturan 88', '2020-04-10 17:31:46', '2020-04-10 17:31:46'),
(89, 'Aturan 89', '2020-04-10 17:31:46', '2020-04-10 17:31:46'),
(90, 'Aturan 90', '2020-04-10 17:31:46', '2020-04-10 17:31:46'),
(91, 'Aturan 91', '2020-04-10 17:31:47', '2020-04-10 17:31:47'),
(92, 'Aturan 92', '2020-04-10 17:31:47', '2020-04-10 17:31:47'),
(93, 'Aturan 93', '2020-04-10 17:31:47', '2020-04-10 17:31:47'),
(94, 'Aturan 94', '2020-04-10 17:31:47', '2020-04-10 17:31:47'),
(95, 'Aturan 95', '2020-04-10 17:31:48', '2020-04-10 17:31:48'),
(96, 'Aturan 96', '2020-04-10 17:31:48', '2020-04-10 17:31:48'),
(97, 'Aturan 97', '2020-04-10 17:31:48', '2020-04-10 17:31:48'),
(98, 'Aturan 98', '2020-04-10 17:31:49', '2020-04-10 17:31:49'),
(99, 'Aturan 99', '2020-04-10 17:31:49', '2020-04-10 17:31:49'),
(100, 'Aturan 100', '2020-04-10 17:31:49', '2020-04-10 17:31:49'),
(101, 'Aturan 101', '2020-04-10 17:31:49', '2020-04-10 17:31:49'),
(102, 'Aturan 102', '2020-04-10 17:31:50', '2020-04-10 17:31:50'),
(103, 'Aturan 103', '2020-04-10 17:31:50', '2020-04-10 17:31:50'),
(104, 'Aturan 104', '2020-04-10 17:31:50', '2020-04-10 17:31:50'),
(105, 'Aturan 105', '2020-04-10 17:31:50', '2020-04-10 17:31:50'),
(106, 'Aturan 106', '2020-04-10 17:31:50', '2020-04-10 17:31:50'),
(107, 'Aturan 107', '2020-04-10 17:31:51', '2020-04-10 17:31:51'),
(108, 'Aturan 108', '2020-04-10 17:31:51', '2020-04-10 17:31:51'),
(109, 'Aturan 109', '2020-04-10 17:31:51', '2020-04-10 17:31:51'),
(110, 'Aturan 110', '2020-04-10 17:31:52', '2020-04-10 17:31:52'),
(111, 'Aturan 111', '2020-04-10 17:31:52', '2020-04-10 17:31:52'),
(112, 'Aturan 112', '2020-04-10 17:31:52', '2020-04-10 17:31:52'),
(113, 'Aturan 113', '2020-04-10 17:31:52', '2020-04-10 17:31:52'),
(114, 'Aturan 114', '2020-04-10 17:31:53', '2020-04-10 17:31:53'),
(115, 'Aturan 115', '2020-04-10 17:31:53', '2020-04-10 17:31:53'),
(116, 'Aturan 116', '2020-04-10 17:31:53', '2020-04-10 17:31:53'),
(117, 'Aturan 117', '2020-04-10 17:31:54', '2020-04-10 17:31:54'),
(118, 'Aturan 118', '2020-04-10 17:31:54', '2020-04-10 17:31:54'),
(119, 'Aturan 119', '2020-04-10 17:31:54', '2020-04-10 17:31:54'),
(120, 'Aturan 120', '2020-04-10 17:31:54', '2020-04-10 17:31:54'),
(121, 'Aturan 121', '2020-04-10 17:31:55', '2020-04-10 17:31:55'),
(122, 'Aturan 122', '2020-04-10 17:31:55', '2020-04-10 17:31:55'),
(123, 'Aturan 123', '2020-04-10 17:31:55', '2020-04-10 17:31:55'),
(124, 'Aturan 124', '2020-04-10 17:31:56', '2020-04-10 17:31:56'),
(125, 'Aturan 125', '2020-04-10 17:31:56', '2020-04-10 17:31:56'),
(126, 'Aturan 126', '2020-04-10 17:31:56', '2020-04-10 17:31:56'),
(127, 'Aturan 127', '2020-04-10 17:31:56', '2020-04-10 17:31:56'),
(128, 'Aturan 128', '2020-04-10 17:31:57', '2020-04-10 17:31:57'),
(129, 'Aturan 129', '2020-04-10 17:31:57', '2020-04-10 17:31:57'),
(130, 'Aturan 130', '2020-04-10 17:31:57', '2020-04-10 17:31:57'),
(131, 'Aturan 131', '2020-04-10 17:31:58', '2020-04-10 17:31:58'),
(132, 'Aturan 132', '2020-04-10 17:31:58', '2020-04-10 17:31:58'),
(133, 'Aturan 133', '2020-04-10 17:31:58', '2020-04-10 17:31:58'),
(134, 'Aturan 134', '2020-04-10 17:31:58', '2020-04-10 17:31:58'),
(135, 'Aturan 135', '2020-04-10 17:31:59', '2020-04-10 17:31:59'),
(136, 'Aturan 136', '2020-04-10 17:31:59', '2020-04-10 17:31:59'),
(137, 'Aturan 137', '2020-04-10 17:31:59', '2020-04-10 17:31:59'),
(138, 'Aturan 138', '2020-04-10 17:31:59', '2020-04-10 17:31:59'),
(139, 'Aturan 139', '2020-04-10 17:32:00', '2020-04-10 17:32:00'),
(140, 'Aturan 140', '2020-04-10 17:32:00', '2020-04-10 17:32:00'),
(141, 'Aturan 141', '2020-04-10 17:32:00', '2020-04-10 17:32:00'),
(142, 'Aturan 142', '2020-04-10 17:32:01', '2020-04-10 17:32:01'),
(143, 'Aturan 143', '2020-04-10 17:32:01', '2020-04-10 17:32:01'),
(144, 'Aturan 144', '2020-04-10 17:32:01', '2020-04-10 17:32:01'),
(145, 'Aturan 145', '2020-04-10 17:32:02', '2020-04-10 17:32:02'),
(146, 'Aturan 146', '2020-04-10 17:32:02', '2020-04-10 17:32:02'),
(147, 'Aturan 147', '2020-04-10 17:32:02', '2020-04-10 17:32:02'),
(148, 'Aturan 148', '2020-04-10 17:32:02', '2020-04-10 17:32:02'),
(149, 'Aturan 149', '2020-04-10 17:32:03', '2020-04-10 17:32:03'),
(150, 'Aturan 150', '2020-04-10 17:32:03', '2020-04-10 17:32:03'),
(151, 'Aturan 151', '2020-04-10 17:32:03', '2020-04-10 17:32:03'),
(152, 'Aturan 152', '2020-04-10 17:32:04', '2020-04-10 17:32:04'),
(153, 'Aturan 153', '2020-04-10 17:32:04', '2020-04-10 17:32:04'),
(154, 'Aturan 154', '2020-04-10 17:32:04', '2020-04-10 17:32:04'),
(155, 'Aturan 155', '2020-04-10 17:32:05', '2020-04-10 17:32:05'),
(156, 'Aturan 156', '2020-04-10 17:32:05', '2020-04-10 17:32:05'),
(157, 'Aturan 157', '2020-04-10 17:32:05', '2020-04-10 17:32:05'),
(158, 'Aturan 158', '2020-04-10 17:32:05', '2020-04-10 17:32:05'),
(159, 'Aturan 159', '2020-04-10 17:32:06', '2020-04-10 17:32:06'),
(160, 'Aturan 160', '2020-04-10 17:32:06', '2020-04-10 17:32:06'),
(161, 'Aturan 161', '2020-04-10 17:32:06', '2020-04-10 17:32:06'),
(162, 'Aturan 162', '2020-04-10 17:32:07', '2020-04-10 17:32:07'),
(163, 'Aturan 163', '2020-04-10 17:32:07', '2020-04-10 17:32:07'),
(164, 'Aturan 164', '2020-04-10 17:32:07', '2020-04-10 17:32:07'),
(165, 'Aturan 165', '2020-04-10 17:32:07', '2020-04-10 17:32:07'),
(166, 'Aturan 166', '2020-04-10 17:32:08', '2020-04-10 17:32:08'),
(167, 'Aturan 167', '2020-04-10 17:32:08', '2020-04-10 17:32:08'),
(168, 'Aturan 168', '2020-04-10 17:32:08', '2020-04-10 17:32:08'),
(169, 'Aturan 169', '2020-04-10 17:32:08', '2020-04-10 17:32:08'),
(170, 'Aturan 170', '2020-04-10 17:32:09', '2020-04-10 17:32:09'),
(171, 'Aturan 171', '2020-04-10 17:32:09', '2020-04-10 17:32:09'),
(172, 'Aturan 172', '2020-04-10 17:32:09', '2020-04-10 17:32:09'),
(173, 'Aturan 173', '2020-04-10 17:32:10', '2020-04-10 17:32:10'),
(174, 'Aturan 174', '2020-04-10 17:32:10', '2020-04-10 17:32:10'),
(175, 'Aturan 175', '2020-04-10 17:32:10', '2020-04-10 17:32:10'),
(176, 'Aturan 176', '2020-04-10 17:32:10', '2020-04-10 17:32:10'),
(177, 'Aturan 177', '2020-04-10 17:32:11', '2020-04-10 17:32:11'),
(178, 'Aturan 178', '2020-04-10 17:32:11', '2020-04-10 17:32:11'),
(179, 'Aturan 179', '2020-04-10 17:32:11', '2020-04-10 17:32:11'),
(180, 'Aturan 180', '2020-04-10 17:32:12', '2020-04-10 17:32:12'),
(181, 'Aturan 181', '2020-04-10 17:32:12', '2020-04-10 17:32:12'),
(182, 'Aturan 182', '2020-04-10 17:32:12', '2020-04-10 17:32:12'),
(183, 'Aturan 183', '2020-04-10 17:32:12', '2020-04-10 17:32:12'),
(184, 'Aturan 184', '2020-04-10 17:32:13', '2020-04-10 17:32:13'),
(185, 'Aturan 185', '2020-04-10 17:32:13', '2020-04-10 17:32:13'),
(186, 'Aturan 186', '2020-04-10 17:32:13', '2020-04-10 17:32:13'),
(187, 'Aturan 187', '2020-04-10 17:32:13', '2020-04-10 17:32:13'),
(188, 'Aturan 188', '2020-04-10 17:32:14', '2020-04-10 17:32:14'),
(189, 'Aturan 189', '2020-04-10 17:32:14', '2020-04-10 17:32:14'),
(190, 'Aturan 190', '2020-04-10 17:32:14', '2020-04-10 17:32:14'),
(191, 'Aturan 191', '2020-04-10 17:32:15', '2020-04-10 17:32:15'),
(192, 'Aturan 192', '2020-04-10 17:32:15', '2020-04-10 17:32:15'),
(193, 'Aturan 193', '2020-04-10 17:32:15', '2020-04-10 17:32:15'),
(194, 'Aturan 194', '2020-04-10 17:32:15', '2020-04-10 17:32:15'),
(195, 'Aturan 195', '2020-04-10 17:32:16', '2020-04-10 17:32:16'),
(196, 'Aturan 196', '2020-04-10 17:32:16', '2020-04-10 17:32:16'),
(197, 'Aturan 197', '2020-04-10 17:32:16', '2020-04-10 17:32:16'),
(198, 'Aturan 198', '2020-04-10 17:32:16', '2020-04-10 17:32:16'),
(199, 'Aturan 199', '2020-04-10 17:32:17', '2020-04-10 17:32:17'),
(200, 'Aturan 200', '2020-04-10 17:32:17', '2020-04-10 17:32:17'),
(201, 'Aturan 201', '2020-04-10 17:32:17', '2020-04-10 17:32:17'),
(202, 'Aturan 202', '2020-04-10 17:32:17', '2020-04-10 17:32:17'),
(203, 'Aturan 203', '2020-04-10 17:32:18', '2020-04-10 17:32:18'),
(204, 'Aturan 204', '2020-04-10 17:32:18', '2020-04-10 17:32:18'),
(205, 'Aturan 205', '2020-04-10 17:32:18', '2020-04-10 17:32:18'),
(206, 'Aturan 206', '2020-04-10 17:32:19', '2020-04-10 17:32:19'),
(207, 'Aturan 207', '2020-04-10 17:32:19', '2020-04-10 17:32:19'),
(208, 'Aturan 208', '2020-04-10 17:32:19', '2020-04-10 17:32:19'),
(209, 'Aturan 209', '2020-04-10 17:32:19', '2020-04-10 17:32:19'),
(210, 'Aturan 210', '2020-04-10 17:32:20', '2020-04-10 17:32:20'),
(211, 'Aturan 211', '2020-04-10 17:32:20', '2020-04-10 17:32:20'),
(212, 'Aturan 212', '2020-04-10 17:32:20', '2020-04-10 17:32:20'),
(213, 'Aturan 213', '2020-04-10 17:32:20', '2020-04-10 17:32:20'),
(214, 'Aturan 214', '2020-04-10 17:32:21', '2020-04-10 17:32:21'),
(215, 'Aturan 215', '2020-04-10 17:32:21', '2020-04-10 17:32:21'),
(216, 'Aturan 216', '2020-04-10 17:32:21', '2020-04-10 17:32:21'),
(217, 'Aturan 217', '2020-04-10 17:32:21', '2020-04-10 17:32:21'),
(218, 'Aturan 218', '2020-04-10 17:32:22', '2020-04-10 17:32:22'),
(219, 'Aturan 219', '2020-04-10 17:32:22', '2020-04-10 17:32:22'),
(220, 'Aturan 220', '2020-04-10 17:32:22', '2020-04-10 17:32:22'),
(221, 'Aturan 221', '2020-04-10 17:32:23', '2020-04-10 17:32:23'),
(222, 'Aturan 222', '2020-04-10 17:32:23', '2020-04-10 17:32:23'),
(223, 'Aturan 223', '2020-04-10 17:32:23', '2020-04-10 17:32:23'),
(224, 'Aturan 224', '2020-04-10 17:32:24', '2020-04-10 17:32:24'),
(225, 'Aturan 225', '2020-04-10 17:32:24', '2020-04-10 17:32:24'),
(226, 'Aturan 226', '2020-04-10 17:32:24', '2020-04-10 17:32:24'),
(227, 'Aturan 227', '2020-04-10 17:32:24', '2020-04-10 17:32:24'),
(228, 'Aturan 228', '2020-04-10 17:32:25', '2020-04-10 17:32:25'),
(229, 'Aturan 229', '2020-04-10 17:32:25', '2020-04-10 17:32:25'),
(230, 'Aturan 230', '2020-04-10 17:32:25', '2020-04-10 17:32:25'),
(231, 'Aturan 231', '2020-04-10 17:32:25', '2020-04-10 17:32:25'),
(232, 'Aturan 232', '2020-04-10 17:32:26', '2020-04-10 17:32:26'),
(233, 'Aturan 233', '2020-04-10 17:32:26', '2020-04-10 17:32:26'),
(234, 'Aturan 234', '2020-04-10 17:32:26', '2020-04-10 17:32:26'),
(235, 'Aturan 235', '2020-04-10 17:32:27', '2020-04-10 17:32:27'),
(236, 'Aturan 236', '2020-04-10 17:32:27', '2020-04-10 17:32:27'),
(237, 'Aturan 237', '2020-04-10 17:32:27', '2020-04-10 17:32:27'),
(238, 'Aturan 238', '2020-04-10 17:32:27', '2020-04-10 17:32:27'),
(239, 'Aturan 239', '2020-04-10 17:32:28', '2020-04-10 17:32:28'),
(240, 'Aturan 240', '2020-04-10 17:32:28', '2020-04-10 17:32:28'),
(241, 'Aturan 241', '2020-04-10 17:32:28', '2020-04-10 17:32:28'),
(242, 'Aturan 242', '2020-04-10 17:32:29', '2020-04-10 17:32:29'),
(243, 'Aturan 243', '2020-04-10 17:32:29', '2020-04-10 17:32:29'),
(244, 'Aturan 244', '2020-04-10 17:32:29', '2020-04-10 17:32:29'),
(245, 'Aturan 245', '2020-04-10 17:32:30', '2020-04-10 17:32:30'),
(246, 'Aturan 246', '2020-04-10 17:32:30', '2020-04-10 17:32:30'),
(247, 'Aturan 247', '2020-04-10 17:32:30', '2020-04-10 17:32:30'),
(248, 'Aturan 248', '2020-04-10 17:32:30', '2020-04-10 17:32:30'),
(249, 'Aturan 249', '2020-04-10 17:32:30', '2020-04-10 17:32:30'),
(250, 'Aturan 250', '2020-04-10 17:32:31', '2020-04-10 17:32:31'),
(251, 'Aturan 251', '2020-04-10 17:32:31', '2020-04-10 17:32:31'),
(252, 'Aturan 252', '2020-04-10 17:32:31', '2020-04-10 17:32:31'),
(253, 'Aturan 253', '2020-04-10 17:32:32', '2020-04-10 17:32:32'),
(254, 'Aturan 254', '2020-04-10 17:32:32', '2020-04-10 17:32:32'),
(255, 'Aturan 255', '2020-04-10 17:32:32', '2020-04-10 17:32:32'),
(256, 'Aturan 256', '2020-04-10 17:32:33', '2020-04-10 17:32:33');

-- --------------------------------------------------------

--
-- Table structure for table `data_input`
--

CREATE TABLE `data_input` (
  `id` int(10) UNSIGNED NOT NULL,
  `user_id` int(10) UNSIGNED NOT NULL,
  `sungai_id` int(10) UNSIGNED NOT NULL,
  `latitude` varchar(255) COLLATE utf8mb4_unicode_ci NOT NULL,
  `longitude` varchar(255) COLLATE utf8mb4_unicode_ci NOT NULL,
  `hasil` varchar(20) COLLATE utf8mb4_unicode_ci DEFAULT NULL,
  `status` int(11) NOT NULL,
  `created_at` timestamp NULL DEFAULT NULL,
  `updated_at` timestamp NULL DEFAULT NULL
) ENGINE=InnoDB DEFAULT CHARSET=utf8mb4 COLLATE=utf8mb4_unicode_ci;

--
-- Dumping data for table `data_input`
--

INSERT INTO `data_input` (`id`, `user_id`, `sungai_id`, `latitude`, `longitude`, `hasil`, `status`, `created_at`, `updated_at`) VALUES
(1, 2, 1, '-7.7374443568738815', '110.40188223994318', '1.75', 1, '2020-04-21 09:07:18', '2020-04-21 09:09:48');

-- --------------------------------------------------------

--
-- Table structure for table `detail_aturan`
--

CREATE TABLE `detail_aturan` (
  `id` int(11) NOT NULL,
  `himpunan_id` int(11) NOT NULL,
  `aturan_id` int(11) NOT NULL,
  `created_at` timestamp NULL DEFAULT NULL,
  `updated_at` timestamp NULL DEFAULT NULL
) ENGINE=InnoDB DEFAULT CHARSET=latin1;

--
-- Dumping data for table `detail_aturan`
--

INSERT INTO `detail_aturan` (`id`, `himpunan_id`, `aturan_id`, `created_at`, `updated_at`) VALUES
(1, 4, 1, '2020-04-10 17:31:22', '2020-04-10 17:31:22'),
(2, 8, 1, '2020-04-10 17:31:22', '2020-04-10 17:31:22'),
(3, 12, 1, '2020-04-10 17:31:22', '2020-04-10 17:31:22'),
(4, 16, 1, '2020-04-10 17:31:22', '2020-04-10 17:31:22'),
(5, 20, 1, '2020-04-10 17:31:22', '2020-04-10 17:31:22'),
(6, 4, 2, '2020-04-10 17:31:22', '2020-04-10 17:31:22'),
(7, 8, 2, '2020-04-10 17:31:22', '2020-04-10 17:31:22'),
(8, 12, 2, '2020-04-10 17:31:22', '2020-04-10 17:31:22'),
(9, 15, 2, '2020-04-10 17:31:22', '2020-04-10 17:31:22'),
(10, 20, 2, '2020-04-10 17:31:22', '2020-04-10 17:31:22'),
(11, 4, 3, '2020-04-10 17:31:22', '2020-04-10 17:31:22'),
(12, 8, 3, '2020-04-10 17:31:22', '2020-04-10 17:31:22'),
(13, 12, 3, '2020-04-10 17:31:22', '2020-04-10 17:31:22'),
(14, 14, 3, '2020-04-10 17:31:22', '2020-04-10 17:31:22'),
(15, 20, 3, '2020-04-10 17:31:23', '2020-04-10 17:31:23'),
(16, 4, 4, '2020-04-10 17:31:23', '2020-04-10 17:31:23'),
(17, 8, 4, '2020-04-10 17:31:23', '2020-04-10 17:31:23'),
(18, 12, 4, '2020-04-10 17:31:23', '2020-04-10 17:31:23'),
(19, 13, 4, '2020-04-10 17:31:23', '2020-04-10 17:31:23'),
(20, 20, 4, '2020-04-10 17:31:23', '2020-04-10 17:31:23'),
(21, 4, 5, '2020-04-10 17:31:23', '2020-04-10 17:31:23'),
(22, 8, 5, '2020-04-10 17:31:23', '2020-04-10 17:31:23'),
(23, 11, 5, '2020-04-10 17:31:23', '2020-04-10 17:31:23'),
(24, 16, 5, '2020-04-10 17:31:23', '2020-04-10 17:31:23'),
(25, 20, 5, '2020-04-10 17:31:23', '2020-04-10 17:31:23'),
(26, 4, 6, '2020-04-10 17:31:23', '2020-04-10 17:31:23'),
(27, 8, 6, '2020-04-10 17:31:23', '2020-04-10 17:31:23'),
(28, 11, 6, '2020-04-10 17:31:23', '2020-04-10 17:31:23'),
(29, 15, 6, '2020-04-10 17:31:23', '2020-04-10 17:31:23'),
(30, 20, 6, '2020-04-10 17:31:23', '2020-04-10 17:31:23'),
(31, 4, 7, '2020-04-10 17:31:23', '2020-04-10 17:31:23'),
(32, 8, 7, '2020-04-10 17:31:23', '2020-04-10 17:31:23'),
(33, 11, 7, '2020-04-10 17:31:24', '2020-04-10 17:31:24'),
(34, 14, 7, '2020-04-10 17:31:24', '2020-04-10 17:31:24'),
(35, 20, 7, '2020-04-10 17:31:24', '2020-04-10 17:31:24'),
(36, 4, 8, '2020-04-10 17:31:24', '2020-04-10 17:31:24'),
(37, 8, 8, '2020-04-10 17:31:24', '2020-04-10 17:31:24'),
(38, 11, 8, '2020-04-10 17:31:24', '2020-04-10 17:31:24'),
(39, 13, 8, '2020-04-10 17:31:24', '2020-04-10 17:31:24'),
(40, 19, 8, '2020-04-10 17:31:24', '2020-04-10 17:31:24'),
(41, 4, 9, '2020-04-10 17:31:24', '2020-04-10 17:31:24'),
(42, 8, 9, '2020-04-10 17:31:24', '2020-04-10 17:31:24'),
(43, 10, 9, '2020-04-10 17:31:24', '2020-04-10 17:31:24'),
(44, 16, 9, '2020-04-10 17:31:24', '2020-04-10 17:31:24'),
(45, 20, 9, '2020-04-10 17:31:24', '2020-04-10 17:31:24'),
(46, 4, 10, '2020-04-10 17:31:24', '2020-04-10 17:31:24'),
(47, 8, 10, '2020-04-10 17:31:24', '2020-04-10 17:31:24'),
(48, 10, 10, '2020-04-10 17:31:24', '2020-04-10 17:31:24'),
(49, 15, 10, '2020-04-10 17:31:24', '2020-04-10 17:31:24'),
(50, 20, 10, '2020-04-10 17:31:24', '2020-04-10 17:31:24'),
(51, 4, 11, '2020-04-10 17:31:25', '2020-04-10 17:31:25'),
(52, 8, 11, '2020-04-10 17:31:25', '2020-04-10 17:31:25'),
(53, 10, 11, '2020-04-10 17:31:25', '2020-04-10 17:31:25'),
(54, 14, 11, '2020-04-10 17:31:25', '2020-04-10 17:31:25'),
(55, 19, 11, '2020-04-10 17:31:25', '2020-04-10 17:31:25'),
(56, 4, 12, '2020-04-10 17:31:25', '2020-04-10 17:31:25'),
(57, 8, 12, '2020-04-10 17:31:25', '2020-04-10 17:31:25'),
(58, 10, 12, '2020-04-10 17:31:25', '2020-04-10 17:31:25'),
(59, 13, 12, '2020-04-10 17:31:25', '2020-04-10 17:31:25'),
(60, 19, 12, '2020-04-10 17:31:25', '2020-04-10 17:31:25'),
(61, 4, 13, '2020-04-10 17:31:25', '2020-04-10 17:31:25'),
(62, 8, 13, '2020-04-10 17:31:25', '2020-04-10 17:31:25'),
(63, 9, 13, '2020-04-10 17:31:25', '2020-04-10 17:31:25'),
(64, 16, 13, '2020-04-10 17:31:25', '2020-04-10 17:31:25'),
(65, 19, 13, '2020-04-10 17:31:25', '2020-04-10 17:31:25'),
(66, 4, 14, '2020-04-10 17:31:25', '2020-04-10 17:31:25'),
(67, 8, 14, '2020-04-10 17:31:25', '2020-04-10 17:31:25'),
(68, 9, 14, '2020-04-10 17:31:25', '2020-04-10 17:31:25'),
(69, 15, 14, '2020-04-10 17:31:25', '2020-04-10 17:31:25'),
(70, 19, 14, '2020-04-10 17:31:25', '2020-04-10 17:31:25'),
(71, 4, 15, '2020-04-10 17:31:26', '2020-04-10 17:31:26'),
(72, 8, 15, '2020-04-10 17:31:26', '2020-04-10 17:31:26'),
(73, 9, 15, '2020-04-10 17:31:26', '2020-04-10 17:31:26'),
(74, 14, 15, '2020-04-10 17:31:26', '2020-04-10 17:31:26'),
(75, 19, 15, '2020-04-10 17:31:26', '2020-04-10 17:31:26'),
(76, 4, 16, '2020-04-10 17:31:26', '2020-04-10 17:31:26'),
(77, 8, 16, '2020-04-10 17:31:27', '2020-04-10 17:31:27'),
(78, 9, 16, '2020-04-10 17:31:27', '2020-04-10 17:31:27'),
(79, 13, 16, '2020-04-10 17:31:28', '2020-04-10 17:31:28'),
(80, 18, 16, '2020-04-10 17:31:28', '2020-04-10 17:31:28'),
(81, 4, 17, '2020-04-10 17:31:28', '2020-04-10 17:31:28'),
(82, 7, 17, '2020-04-10 17:31:28', '2020-04-10 17:31:28'),
(83, 12, 17, '2020-04-10 17:31:28', '2020-04-10 17:31:28'),
(84, 16, 17, '2020-04-10 17:31:28', '2020-04-10 17:31:28'),
(85, 20, 17, '2020-04-10 17:31:28', '2020-04-10 17:31:28'),
(86, 4, 18, '2020-04-10 17:31:28', '2020-04-10 17:31:28'),
(87, 7, 18, '2020-04-10 17:31:28', '2020-04-10 17:31:28'),
(88, 12, 18, '2020-04-10 17:31:28', '2020-04-10 17:31:28'),
(89, 15, 18, '2020-04-10 17:31:28', '2020-04-10 17:31:28'),
(90, 20, 18, '2020-04-10 17:31:28', '2020-04-10 17:31:28'),
(91, 4, 19, '2020-04-10 17:31:28', '2020-04-10 17:31:28'),
(92, 7, 19, '2020-04-10 17:31:28', '2020-04-10 17:31:28'),
(93, 12, 19, '2020-04-10 17:31:28', '2020-04-10 17:31:28'),
(94, 14, 19, '2020-04-10 17:31:28', '2020-04-10 17:31:28'),
(95, 20, 19, '2020-04-10 17:31:28', '2020-04-10 17:31:28'),
(96, 4, 20, '2020-04-10 17:31:28', '2020-04-10 17:31:28'),
(97, 7, 20, '2020-04-10 17:31:28', '2020-04-10 17:31:28'),
(98, 12, 20, '2020-04-10 17:31:28', '2020-04-10 17:31:28'),
(99, 13, 20, '2020-04-10 17:31:29', '2020-04-10 17:31:29'),
(100, 19, 20, '2020-04-10 17:31:29', '2020-04-10 17:31:29'),
(101, 4, 21, '2020-04-10 17:31:29', '2020-04-10 17:31:29'),
(102, 7, 21, '2020-04-10 17:31:29', '2020-04-10 17:31:29'),
(103, 11, 21, '2020-04-10 17:31:29', '2020-04-10 17:31:29'),
(104, 16, 21, '2020-04-10 17:31:29', '2020-04-10 17:31:29'),
(105, 20, 21, '2020-04-10 17:31:29', '2020-04-10 17:31:29'),
(106, 4, 22, '2020-04-10 17:31:29', '2020-04-10 17:31:29'),
(107, 7, 22, '2020-04-10 17:31:29', '2020-04-10 17:31:29'),
(108, 11, 22, '2020-04-10 17:31:29', '2020-04-10 17:31:29'),
(109, 15, 22, '2020-04-10 17:31:29', '2020-04-10 17:31:29'),
(110, 20, 22, '2020-04-10 17:31:29', '2020-04-10 17:31:29'),
(111, 4, 23, '2020-04-10 17:31:29', '2020-04-10 17:31:29'),
(112, 7, 23, '2020-04-10 17:31:29', '2020-04-10 17:31:29'),
(113, 11, 23, '2020-04-10 17:31:29', '2020-04-10 17:31:29'),
(114, 14, 23, '2020-04-10 17:31:29', '2020-04-10 17:31:29'),
(115, 19, 23, '2020-04-10 17:31:29', '2020-04-10 17:31:29'),
(116, 4, 24, '2020-04-10 17:31:29', '2020-04-10 17:31:29'),
(117, 7, 24, '2020-04-10 17:31:30', '2020-04-10 17:31:30'),
(118, 11, 24, '2020-04-10 17:31:30', '2020-04-10 17:31:30'),
(119, 13, 24, '2020-04-10 17:31:30', '2020-04-10 17:31:30'),
(120, 19, 24, '2020-04-10 17:31:30', '2020-04-10 17:31:30'),
(121, 4, 25, '2020-04-10 17:31:30', '2020-04-10 17:31:30'),
(122, 7, 25, '2020-04-10 17:31:30', '2020-04-10 17:31:30'),
(123, 10, 25, '2020-04-10 17:31:30', '2020-04-10 17:31:30'),
(124, 16, 25, '2020-04-10 17:31:30', '2020-04-10 17:31:30'),
(125, 19, 25, '2020-04-10 17:31:30', '2020-04-10 17:31:30'),
(126, 4, 26, '2020-04-10 17:31:30', '2020-04-10 17:31:30'),
(127, 7, 26, '2020-04-10 17:31:30', '2020-04-10 17:31:30'),
(128, 10, 26, '2020-04-10 17:31:30', '2020-04-10 17:31:30'),
(129, 15, 26, '2020-04-10 17:31:30', '2020-04-10 17:31:30'),
(130, 19, 26, '2020-04-10 17:31:30', '2020-04-10 17:31:30'),
(131, 4, 27, '2020-04-10 17:31:30', '2020-04-10 17:31:30'),
(132, 7, 27, '2020-04-10 17:31:30', '2020-04-10 17:31:30'),
(133, 10, 27, '2020-04-10 17:31:30', '2020-04-10 17:31:30'),
(134, 14, 27, '2020-04-10 17:31:30', '2020-04-10 17:31:30'),
(135, 19, 27, '2020-04-10 17:31:30', '2020-04-10 17:31:30'),
(136, 4, 28, '2020-04-10 17:31:31', '2020-04-10 17:31:31'),
(137, 7, 28, '2020-04-10 17:31:31', '2020-04-10 17:31:31'),
(138, 10, 28, '2020-04-10 17:31:31', '2020-04-10 17:31:31'),
(139, 13, 28, '2020-04-10 17:31:31', '2020-04-10 17:31:31'),
(140, 18, 28, '2020-04-10 17:31:31', '2020-04-10 17:31:31'),
(141, 4, 29, '2020-04-10 17:31:31', '2020-04-10 17:31:31'),
(142, 7, 29, '2020-04-10 17:31:31', '2020-04-10 17:31:31'),
(143, 9, 29, '2020-04-10 17:31:31', '2020-04-10 17:31:31'),
(144, 16, 29, '2020-04-10 17:31:31', '2020-04-10 17:31:31'),
(145, 19, 29, '2020-04-10 17:31:31', '2020-04-10 17:31:31'),
(146, 4, 30, '2020-04-10 17:31:31', '2020-04-10 17:31:31'),
(147, 7, 30, '2020-04-10 17:31:31', '2020-04-10 17:31:31'),
(148, 9, 30, '2020-04-10 17:31:31', '2020-04-10 17:31:31'),
(149, 15, 30, '2020-04-10 17:31:31', '2020-04-10 17:31:31'),
(150, 19, 30, '2020-04-10 17:31:31', '2020-04-10 17:31:31'),
(151, 4, 31, '2020-04-10 17:31:31', '2020-04-10 17:31:31'),
(152, 7, 31, '2020-04-10 17:31:31', '2020-04-10 17:31:31'),
(153, 9, 31, '2020-04-10 17:31:31', '2020-04-10 17:31:31'),
(154, 14, 31, '2020-04-10 17:31:31', '2020-04-10 17:31:31'),
(155, 18, 31, '2020-04-10 17:31:32', '2020-04-10 17:31:32'),
(156, 4, 32, '2020-04-10 17:31:32', '2020-04-10 17:31:32'),
(157, 7, 32, '2020-04-10 17:31:32', '2020-04-10 17:31:32'),
(158, 9, 32, '2020-04-10 17:31:32', '2020-04-10 17:31:32'),
(159, 13, 32, '2020-04-10 17:31:32', '2020-04-10 17:31:32'),
(160, 18, 32, '2020-04-10 17:31:32', '2020-04-10 17:31:32'),
(161, 4, 33, '2020-04-10 17:31:32', '2020-04-10 17:31:32'),
(162, 6, 33, '2020-04-10 17:31:32', '2020-04-10 17:31:32'),
(163, 12, 33, '2020-04-10 17:31:32', '2020-04-10 17:31:32'),
(164, 16, 33, '2020-04-10 17:31:32', '2020-04-10 17:31:32'),
(165, 20, 33, '2020-04-10 17:31:32', '2020-04-10 17:31:32'),
(166, 4, 34, '2020-04-10 17:31:32', '2020-04-10 17:31:32'),
(167, 6, 34, '2020-04-10 17:31:32', '2020-04-10 17:31:32'),
(168, 12, 34, '2020-04-10 17:31:32', '2020-04-10 17:31:32'),
(169, 15, 34, '2020-04-10 17:31:32', '2020-04-10 17:31:32'),
(170, 20, 34, '2020-04-10 17:31:32', '2020-04-10 17:31:32'),
(171, 4, 35, '2020-04-10 17:31:32', '2020-04-10 17:31:32'),
(172, 6, 35, '2020-04-10 17:31:32', '2020-04-10 17:31:32'),
(173, 12, 35, '2020-04-10 17:31:32', '2020-04-10 17:31:32'),
(174, 14, 35, '2020-04-10 17:31:32', '2020-04-10 17:31:32'),
(175, 19, 35, '2020-04-10 17:31:33', '2020-04-10 17:31:33'),
(176, 4, 36, '2020-04-10 17:31:33', '2020-04-10 17:31:33'),
(177, 6, 36, '2020-04-10 17:31:33', '2020-04-10 17:31:33'),
(178, 12, 36, '2020-04-10 17:31:33', '2020-04-10 17:31:33'),
(179, 13, 36, '2020-04-10 17:31:33', '2020-04-10 17:31:33'),
(180, 19, 36, '2020-04-10 17:31:33', '2020-04-10 17:31:33'),
(181, 4, 37, '2020-04-10 17:31:33', '2020-04-10 17:31:33'),
(182, 6, 37, '2020-04-10 17:31:33', '2020-04-10 17:31:33'),
(183, 11, 37, '2020-04-10 17:31:33', '2020-04-10 17:31:33'),
(184, 16, 37, '2020-04-10 17:31:33', '2020-04-10 17:31:33'),
(185, 19, 37, '2020-04-10 17:31:33', '2020-04-10 17:31:33'),
(186, 4, 38, '2020-04-10 17:31:33', '2020-04-10 17:31:33'),
(187, 6, 38, '2020-04-10 17:31:33', '2020-04-10 17:31:33'),
(188, 11, 38, '2020-04-10 17:31:33', '2020-04-10 17:31:33'),
(189, 15, 38, '2020-04-10 17:31:33', '2020-04-10 17:31:33'),
(190, 19, 38, '2020-04-10 17:31:33', '2020-04-10 17:31:33'),
(191, 4, 39, '2020-04-10 17:31:33', '2020-04-10 17:31:33'),
(192, 6, 39, '2020-04-10 17:31:33', '2020-04-10 17:31:33'),
(193, 11, 39, '2020-04-10 17:31:34', '2020-04-10 17:31:34'),
(194, 14, 39, '2020-04-10 17:31:34', '2020-04-10 17:31:34'),
(195, 19, 39, '2020-04-10 17:31:34', '2020-04-10 17:31:34'),
(196, 4, 40, '2020-04-10 17:31:34', '2020-04-10 17:31:34'),
(197, 6, 40, '2020-04-10 17:31:34', '2020-04-10 17:31:34'),
(198, 11, 40, '2020-04-10 17:31:34', '2020-04-10 17:31:34'),
(199, 13, 40, '2020-04-10 17:31:34', '2020-04-10 17:31:34'),
(200, 18, 40, '2020-04-10 17:31:34', '2020-04-10 17:31:34'),
(201, 4, 41, '2020-04-10 17:31:34', '2020-04-10 17:31:34'),
(202, 6, 41, '2020-04-10 17:31:34', '2020-04-10 17:31:34'),
(203, 10, 41, '2020-04-10 17:31:34', '2020-04-10 17:31:34'),
(204, 16, 41, '2020-04-10 17:31:34', '2020-04-10 17:31:34'),
(205, 19, 41, '2020-04-10 17:31:34', '2020-04-10 17:31:34'),
(206, 4, 42, '2020-04-10 17:31:34', '2020-04-10 17:31:34'),
(207, 6, 42, '2020-04-10 17:31:34', '2020-04-10 17:31:34'),
(208, 10, 42, '2020-04-10 17:31:34', '2020-04-10 17:31:34'),
(209, 15, 42, '2020-04-10 17:31:34', '2020-04-10 17:31:34'),
(210, 19, 42, '2020-04-10 17:31:34', '2020-04-10 17:31:34'),
(211, 4, 43, '2020-04-10 17:31:35', '2020-04-10 17:31:35'),
(212, 6, 43, '2020-04-10 17:31:35', '2020-04-10 17:31:35'),
(213, 10, 43, '2020-04-10 17:31:35', '2020-04-10 17:31:35'),
(214, 14, 43, '2020-04-10 17:31:35', '2020-04-10 17:31:35'),
(215, 18, 43, '2020-04-10 17:31:35', '2020-04-10 17:31:35'),
(216, 4, 44, '2020-04-10 17:31:35', '2020-04-10 17:31:35'),
(217, 6, 44, '2020-04-10 17:31:35', '2020-04-10 17:31:35'),
(218, 10, 44, '2020-04-10 17:31:35', '2020-04-10 17:31:35'),
(219, 13, 44, '2020-04-10 17:31:35', '2020-04-10 17:31:35'),
(220, 18, 44, '2020-04-10 17:31:35', '2020-04-10 17:31:35'),
(221, 4, 45, '2020-04-10 17:31:35', '2020-04-10 17:31:35'),
(222, 6, 45, '2020-04-10 17:31:35', '2020-04-10 17:31:35'),
(223, 9, 45, '2020-04-10 17:31:35', '2020-04-10 17:31:35'),
(224, 16, 45, '2020-04-10 17:31:35', '2020-04-10 17:31:35'),
(225, 19, 45, '2020-04-10 17:31:35', '2020-04-10 17:31:35'),
(226, 4, 46, '2020-04-10 17:31:35', '2020-04-10 17:31:35'),
(227, 6, 46, '2020-04-10 17:31:35', '2020-04-10 17:31:35'),
(228, 9, 46, '2020-04-10 17:31:35', '2020-04-10 17:31:35'),
(229, 15, 46, '2020-04-10 17:31:35', '2020-04-10 17:31:35'),
(230, 18, 46, '2020-04-10 17:31:36', '2020-04-10 17:31:36'),
(231, 4, 47, '2020-04-10 17:31:36', '2020-04-10 17:31:36'),
(232, 6, 47, '2020-04-10 17:31:36', '2020-04-10 17:31:36'),
(233, 9, 47, '2020-04-10 17:31:36', '2020-04-10 17:31:36'),
(234, 14, 47, '2020-04-10 17:31:36', '2020-04-10 17:31:36'),
(235, 18, 47, '2020-04-10 17:31:36', '2020-04-10 17:31:36'),
(236, 4, 48, '2020-04-10 17:31:36', '2020-04-10 17:31:36'),
(237, 6, 48, '2020-04-10 17:31:36', '2020-04-10 17:31:36'),
(238, 9, 48, '2020-04-10 17:31:36', '2020-04-10 17:31:36'),
(239, 13, 48, '2020-04-10 17:31:36', '2020-04-10 17:31:36'),
(240, 18, 48, '2020-04-10 17:31:36', '2020-04-10 17:31:36'),
(241, 4, 49, '2020-04-10 17:31:36', '2020-04-10 17:31:36'),
(242, 5, 49, '2020-04-10 17:31:36', '2020-04-10 17:31:36'),
(243, 12, 49, '2020-04-10 17:31:36', '2020-04-10 17:31:36'),
(244, 16, 49, '2020-04-10 17:31:36', '2020-04-10 17:31:36'),
(245, 18, 49, '2020-04-10 17:31:36', '2020-04-10 17:31:36'),
(246, 4, 50, '2020-04-10 17:31:36', '2020-04-10 17:31:36'),
(247, 5, 50, '2020-04-10 17:31:36', '2020-04-10 17:31:36'),
(248, 12, 50, '2020-04-10 17:31:36', '2020-04-10 17:31:36'),
(249, 15, 50, '2020-04-10 17:31:36', '2020-04-10 17:31:36'),
(250, 19, 50, '2020-04-10 17:31:36', '2020-04-10 17:31:36'),
(251, 4, 51, '2020-04-10 17:31:36', '2020-04-10 17:31:36'),
(252, 5, 51, '2020-04-10 17:31:36', '2020-04-10 17:31:36'),
(253, 12, 51, '2020-04-10 17:31:36', '2020-04-10 17:31:36'),
(254, 14, 51, '2020-04-10 17:31:36', '2020-04-10 17:31:36'),
(255, 19, 51, '2020-04-10 17:31:37', '2020-04-10 17:31:37'),
(256, 4, 52, '2020-04-10 17:31:37', '2020-04-10 17:31:37'),
(257, 5, 52, '2020-04-10 17:31:37', '2020-04-10 17:31:37'),
(258, 12, 52, '2020-04-10 17:31:37', '2020-04-10 17:31:37'),
(259, 13, 52, '2020-04-10 17:31:37', '2020-04-10 17:31:37'),
(260, 18, 52, '2020-04-10 17:31:37', '2020-04-10 17:31:37'),
(261, 4, 53, '2020-04-10 17:31:37', '2020-04-10 17:31:37'),
(262, 5, 53, '2020-04-10 17:31:37', '2020-04-10 17:31:37'),
(263, 11, 53, '2020-04-10 17:31:37', '2020-04-10 17:31:37'),
(264, 16, 53, '2020-04-10 17:31:37', '2020-04-10 17:31:37'),
(265, 19, 53, '2020-04-10 17:31:37', '2020-04-10 17:31:37'),
(266, 4, 54, '2020-04-10 17:31:37', '2020-04-10 17:31:37'),
(267, 5, 54, '2020-04-10 17:31:37', '2020-04-10 17:31:37'),
(268, 11, 54, '2020-04-10 17:31:37', '2020-04-10 17:31:37'),
(269, 15, 54, '2020-04-10 17:31:37', '2020-04-10 17:31:37'),
(270, 19, 54, '2020-04-10 17:31:37', '2020-04-10 17:31:37'),
(271, 4, 55, '2020-04-10 17:31:37', '2020-04-10 17:31:37'),
(272, 5, 55, '2020-04-10 17:31:38', '2020-04-10 17:31:38'),
(273, 11, 55, '2020-04-10 17:31:38', '2020-04-10 17:31:38'),
(274, 14, 55, '2020-04-10 17:31:38', '2020-04-10 17:31:38'),
(275, 18, 55, '2020-04-10 17:31:38', '2020-04-10 17:31:38'),
(276, 4, 56, '2020-04-10 17:31:38', '2020-04-10 17:31:38'),
(277, 5, 56, '2020-04-10 17:31:38', '2020-04-10 17:31:38'),
(278, 11, 56, '2020-04-10 17:31:38', '2020-04-10 17:31:38'),
(279, 13, 56, '2020-04-10 17:31:38', '2020-04-10 17:31:38'),
(280, 18, 56, '2020-04-10 17:31:38', '2020-04-10 17:31:38'),
(281, 4, 57, '2020-04-10 17:31:38', '2020-04-10 17:31:38'),
(282, 5, 57, '2020-04-10 17:31:38', '2020-04-10 17:31:38'),
(283, 10, 57, '2020-04-10 17:31:38', '2020-04-10 17:31:38'),
(284, 16, 57, '2020-04-10 17:31:38', '2020-04-10 17:31:38'),
(285, 19, 57, '2020-04-10 17:31:38', '2020-04-10 17:31:38'),
(286, 4, 58, '2020-04-10 17:31:38', '2020-04-10 17:31:38'),
(287, 5, 58, '2020-04-10 17:31:38', '2020-04-10 17:31:38'),
(288, 10, 58, '2020-04-10 17:31:38', '2020-04-10 17:31:38'),
(289, 15, 58, '2020-04-10 17:31:38', '2020-04-10 17:31:38'),
(290, 18, 58, '2020-04-10 17:31:38', '2020-04-10 17:31:38'),
(291, 4, 59, '2020-04-10 17:31:39', '2020-04-10 17:31:39'),
(292, 5, 59, '2020-04-10 17:31:39', '2020-04-10 17:31:39'),
(293, 10, 59, '2020-04-10 17:31:39', '2020-04-10 17:31:39'),
(294, 14, 59, '2020-04-10 17:31:39', '2020-04-10 17:31:39'),
(295, 18, 59, '2020-04-10 17:31:39', '2020-04-10 17:31:39'),
(296, 4, 60, '2020-04-10 17:31:39', '2020-04-10 17:31:39'),
(297, 5, 60, '2020-04-10 17:31:39', '2020-04-10 17:31:39'),
(298, 10, 60, '2020-04-10 17:31:39', '2020-04-10 17:31:39'),
(299, 13, 60, '2020-04-10 17:31:39', '2020-04-10 17:31:39'),
(300, 18, 60, '2020-04-10 17:31:39', '2020-04-10 17:31:39'),
(301, 4, 61, '2020-04-10 17:31:39', '2020-04-10 17:31:39'),
(302, 5, 61, '2020-04-10 17:31:39', '2020-04-10 17:31:39'),
(303, 9, 61, '2020-04-10 17:31:39', '2020-04-10 17:31:39'),
(304, 16, 61, '2020-04-10 17:31:39', '2020-04-10 17:31:39'),
(305, 18, 61, '2020-04-10 17:31:39', '2020-04-10 17:31:39'),
(306, 4, 62, '2020-04-10 17:31:39', '2020-04-10 17:31:39'),
(307, 5, 62, '2020-04-10 17:31:39', '2020-04-10 17:31:39'),
(308, 9, 62, '2020-04-10 17:31:40', '2020-04-10 17:31:40'),
(309, 15, 62, '2020-04-10 17:31:40', '2020-04-10 17:31:40'),
(310, 18, 62, '2020-04-10 17:31:40', '2020-04-10 17:31:40'),
(311, 4, 63, '2020-04-10 17:31:40', '2020-04-10 17:31:40'),
(312, 5, 63, '2020-04-10 17:31:40', '2020-04-10 17:31:40'),
(313, 9, 63, '2020-04-10 17:31:40', '2020-04-10 17:31:40'),
(314, 14, 63, '2020-04-10 17:31:40', '2020-04-10 17:31:40'),
(315, 18, 63, '2020-04-10 17:31:40', '2020-04-10 17:31:40'),
(316, 4, 64, '2020-04-10 17:31:40', '2020-04-10 17:31:40'),
(317, 5, 64, '2020-04-10 17:31:40', '2020-04-10 17:31:40'),
(318, 9, 64, '2020-04-10 17:31:40', '2020-04-10 17:31:40'),
(319, 13, 64, '2020-04-10 17:31:40', '2020-04-10 17:31:40'),
(320, 18, 64, '2020-04-10 17:31:40', '2020-04-10 17:31:40'),
(321, 3, 65, '2020-04-10 17:31:40', '2020-04-10 17:31:40'),
(322, 8, 65, '2020-04-10 17:31:40', '2020-04-10 17:31:40'),
(323, 12, 65, '2020-04-10 17:31:40', '2020-04-10 17:31:40'),
(324, 16, 65, '2020-04-10 17:31:40', '2020-04-10 17:31:40'),
(325, 20, 65, '2020-04-10 17:31:40', '2020-04-10 17:31:40'),
(326, 3, 66, '2020-04-10 17:31:40', '2020-04-10 17:31:40'),
(327, 8, 66, '2020-04-10 17:31:40', '2020-04-10 17:31:40'),
(328, 12, 66, '2020-04-10 17:31:40', '2020-04-10 17:31:40'),
(329, 15, 66, '2020-04-10 17:31:40', '2020-04-10 17:31:40'),
(330, 20, 66, '2020-04-10 17:31:40', '2020-04-10 17:31:40'),
(331, 3, 67, '2020-04-10 17:31:41', '2020-04-10 17:31:41'),
(332, 8, 67, '2020-04-10 17:31:41', '2020-04-10 17:31:41'),
(333, 12, 67, '2020-04-10 17:31:41', '2020-04-10 17:31:41'),
(334, 14, 67, '2020-04-10 17:31:41', '2020-04-10 17:31:41'),
(335, 20, 67, '2020-04-10 17:31:41', '2020-04-10 17:31:41'),
(336, 3, 68, '2020-04-10 17:31:41', '2020-04-10 17:31:41'),
(337, 8, 68, '2020-04-10 17:31:41', '2020-04-10 17:31:41'),
(338, 12, 68, '2020-04-10 17:31:41', '2020-04-10 17:31:41'),
(339, 13, 68, '2020-04-10 17:31:41', '2020-04-10 17:31:41'),
(340, 19, 68, '2020-04-10 17:31:41', '2020-04-10 17:31:41'),
(341, 3, 69, '2020-04-10 17:31:41', '2020-04-10 17:31:41'),
(342, 8, 69, '2020-04-10 17:31:41', '2020-04-10 17:31:41'),
(343, 11, 69, '2020-04-10 17:31:41', '2020-04-10 17:31:41'),
(344, 16, 69, '2020-04-10 17:31:41', '2020-04-10 17:31:41'),
(345, 20, 69, '2020-04-10 17:31:41', '2020-04-10 17:31:41'),
(346, 3, 70, '2020-04-10 17:31:41', '2020-04-10 17:31:41'),
(347, 8, 70, '2020-04-10 17:31:41', '2020-04-10 17:31:41'),
(348, 11, 70, '2020-04-10 17:31:41', '2020-04-10 17:31:41'),
(349, 15, 70, '2020-04-10 17:31:41', '2020-04-10 17:31:41'),
(350, 20, 70, '2020-04-10 17:31:41', '2020-04-10 17:31:41'),
(351, 3, 71, '2020-04-10 17:31:41', '2020-04-10 17:31:41'),
(352, 8, 71, '2020-04-10 17:31:42', '2020-04-10 17:31:42'),
(353, 11, 71, '2020-04-10 17:31:42', '2020-04-10 17:31:42'),
(354, 14, 71, '2020-04-10 17:31:42', '2020-04-10 17:31:42'),
(355, 19, 71, '2020-04-10 17:31:42', '2020-04-10 17:31:42'),
(356, 3, 72, '2020-04-10 17:31:42', '2020-04-10 17:31:42'),
(357, 8, 72, '2020-04-10 17:31:42', '2020-04-10 17:31:42'),
(358, 11, 72, '2020-04-10 17:31:42', '2020-04-10 17:31:42'),
(359, 13, 72, '2020-04-10 17:31:42', '2020-04-10 17:31:42'),
(360, 19, 72, '2020-04-10 17:31:42', '2020-04-10 17:31:42'),
(361, 3, 73, '2020-04-10 17:31:42', '2020-04-10 17:31:42'),
(362, 8, 73, '2020-04-10 17:31:42', '2020-04-10 17:31:42'),
(363, 10, 73, '2020-04-10 17:31:42', '2020-04-10 17:31:42'),
(364, 16, 73, '2020-04-10 17:31:42', '2020-04-10 17:31:42'),
(365, 19, 73, '2020-04-10 17:31:42', '2020-04-10 17:31:42'),
(366, 3, 74, '2020-04-10 17:31:42', '2020-04-10 17:31:42'),
(367, 8, 74, '2020-04-10 17:31:42', '2020-04-10 17:31:42'),
(368, 10, 74, '2020-04-10 17:31:42', '2020-04-10 17:31:42'),
(369, 15, 74, '2020-04-10 17:31:42', '2020-04-10 17:31:42'),
(370, 19, 74, '2020-04-10 17:31:42', '2020-04-10 17:31:42'),
(371, 3, 75, '2020-04-10 17:31:43', '2020-04-10 17:31:43'),
(372, 8, 75, '2020-04-10 17:31:43', '2020-04-10 17:31:43'),
(373, 10, 75, '2020-04-10 17:31:43', '2020-04-10 17:31:43'),
(374, 14, 75, '2020-04-10 17:31:43', '2020-04-10 17:31:43'),
(375, 19, 75, '2020-04-10 17:31:43', '2020-04-10 17:31:43'),
(376, 3, 76, '2020-04-10 17:31:43', '2020-04-10 17:31:43'),
(377, 8, 76, '2020-04-10 17:31:43', '2020-04-10 17:31:43'),
(378, 10, 76, '2020-04-10 17:31:43', '2020-04-10 17:31:43'),
(379, 13, 76, '2020-04-10 17:31:43', '2020-04-10 17:31:43'),
(380, 18, 76, '2020-04-10 17:31:43', '2020-04-10 17:31:43'),
(381, 3, 77, '2020-04-10 17:31:43', '2020-04-10 17:31:43'),
(382, 8, 77, '2020-04-10 17:31:43', '2020-04-10 17:31:43'),
(383, 9, 77, '2020-04-10 17:31:43', '2020-04-10 17:31:43'),
(384, 16, 77, '2020-04-10 17:31:43', '2020-04-10 17:31:43'),
(385, 19, 77, '2020-04-10 17:31:43', '2020-04-10 17:31:43'),
(386, 3, 78, '2020-04-10 17:31:43', '2020-04-10 17:31:43'),
(387, 8, 78, '2020-04-10 17:31:44', '2020-04-10 17:31:44'),
(388, 9, 78, '2020-04-10 17:31:44', '2020-04-10 17:31:44'),
(389, 15, 78, '2020-04-10 17:31:44', '2020-04-10 17:31:44'),
(390, 19, 78, '2020-04-10 17:31:44', '2020-04-10 17:31:44'),
(391, 3, 79, '2020-04-10 17:31:44', '2020-04-10 17:31:44'),
(392, 8, 79, '2020-04-10 17:31:44', '2020-04-10 17:31:44'),
(393, 9, 79, '2020-04-10 17:31:44', '2020-04-10 17:31:44'),
(394, 14, 79, '2020-04-10 17:31:44', '2020-04-10 17:31:44'),
(395, 18, 79, '2020-04-10 17:31:44', '2020-04-10 17:31:44'),
(396, 3, 80, '2020-04-10 17:31:44', '2020-04-10 17:31:44'),
(397, 8, 80, '2020-04-10 17:31:44', '2020-04-10 17:31:44'),
(398, 9, 80, '2020-04-10 17:31:44', '2020-04-10 17:31:44'),
(399, 13, 80, '2020-04-10 17:31:44', '2020-04-10 17:31:44'),
(400, 18, 80, '2020-04-10 17:31:44', '2020-04-10 17:31:44'),
(401, 3, 81, '2020-04-10 17:31:44', '2020-04-10 17:31:44'),
(402, 7, 81, '2020-04-10 17:31:44', '2020-04-10 17:31:44'),
(403, 12, 81, '2020-04-10 17:31:44', '2020-04-10 17:31:44'),
(404, 16, 81, '2020-04-10 17:31:44', '2020-04-10 17:31:44'),
(405, 20, 81, '2020-04-10 17:31:44', '2020-04-10 17:31:44'),
(406, 3, 82, '2020-04-10 17:31:45', '2020-04-10 17:31:45'),
(407, 7, 82, '2020-04-10 17:31:45', '2020-04-10 17:31:45'),
(408, 12, 82, '2020-04-10 17:31:45', '2020-04-10 17:31:45'),
(409, 15, 82, '2020-04-10 17:31:45', '2020-04-10 17:31:45'),
(410, 20, 82, '2020-04-10 17:31:45', '2020-04-10 17:31:45'),
(411, 3, 83, '2020-04-10 17:31:45', '2020-04-10 17:31:45'),
(412, 7, 83, '2020-04-10 17:31:45', '2020-04-10 17:31:45'),
(413, 12, 83, '2020-04-10 17:31:45', '2020-04-10 17:31:45'),
(414, 14, 83, '2020-04-10 17:31:45', '2020-04-10 17:31:45'),
(415, 19, 83, '2020-04-10 17:31:45', '2020-04-10 17:31:45'),
(416, 3, 84, '2020-04-10 17:31:45', '2020-04-10 17:31:45'),
(417, 7, 84, '2020-04-10 17:31:45', '2020-04-10 17:31:45'),
(418, 12, 84, '2020-04-10 17:31:45', '2020-04-10 17:31:45'),
(419, 13, 84, '2020-04-10 17:31:45', '2020-04-10 17:31:45'),
(420, 19, 84, '2020-04-10 17:31:45', '2020-04-10 17:31:45'),
(421, 3, 85, '2020-04-10 17:31:45', '2020-04-10 17:31:45'),
(422, 7, 85, '2020-04-10 17:31:45', '2020-04-10 17:31:45'),
(423, 11, 85, '2020-04-10 17:31:45', '2020-04-10 17:31:45'),
(424, 16, 85, '2020-04-10 17:31:45', '2020-04-10 17:31:45'),
(425, 19, 85, '2020-04-10 17:31:45', '2020-04-10 17:31:45'),
(426, 3, 86, '2020-04-10 17:31:45', '2020-04-10 17:31:45'),
(427, 7, 86, '2020-04-10 17:31:45', '2020-04-10 17:31:45'),
(428, 11, 86, '2020-04-10 17:31:46', '2020-04-10 17:31:46'),
(429, 15, 86, '2020-04-10 17:31:46', '2020-04-10 17:31:46'),
(430, 19, 86, '2020-04-10 17:31:46', '2020-04-10 17:31:46'),
(431, 3, 87, '2020-04-10 17:31:46', '2020-04-10 17:31:46'),
(432, 7, 87, '2020-04-10 17:31:46', '2020-04-10 17:31:46'),
(433, 11, 87, '2020-04-10 17:31:46', '2020-04-10 17:31:46'),
(434, 14, 87, '2020-04-10 17:31:46', '2020-04-10 17:31:46'),
(435, 19, 87, '2020-04-10 17:31:46', '2020-04-10 17:31:46'),
(436, 3, 88, '2020-04-10 17:31:46', '2020-04-10 17:31:46'),
(437, 7, 88, '2020-04-10 17:31:46', '2020-04-10 17:31:46'),
(438, 11, 88, '2020-04-10 17:31:46', '2020-04-10 17:31:46'),
(439, 13, 88, '2020-04-10 17:31:46', '2020-04-10 17:31:46'),
(440, 18, 88, '2020-04-10 17:31:46', '2020-04-10 17:31:46'),
(441, 3, 89, '2020-04-10 17:31:46', '2020-04-10 17:31:46'),
(442, 7, 89, '2020-04-10 17:31:46', '2020-04-10 17:31:46'),
(443, 10, 89, '2020-04-10 17:31:46', '2020-04-10 17:31:46'),
(444, 16, 89, '2020-04-10 17:31:46', '2020-04-10 17:31:46'),
(445, 19, 89, '2020-04-10 17:31:46', '2020-04-10 17:31:46'),
(446, 3, 90, '2020-04-10 17:31:46', '2020-04-10 17:31:46'),
(447, 7, 90, '2020-04-10 17:31:46', '2020-04-10 17:31:46'),
(448, 10, 90, '2020-04-10 17:31:46', '2020-04-10 17:31:46'),
(449, 15, 90, '2020-04-10 17:31:47', '2020-04-10 17:31:47'),
(450, 19, 90, '2020-04-10 17:31:47', '2020-04-10 17:31:47'),
(451, 3, 91, '2020-04-10 17:31:47', '2020-04-10 17:31:47'),
(452, 7, 91, '2020-04-10 17:31:47', '2020-04-10 17:31:47'),
(453, 10, 91, '2020-04-10 17:31:47', '2020-04-10 17:31:47'),
(454, 14, 91, '2020-04-10 17:31:47', '2020-04-10 17:31:47'),
(455, 18, 91, '2020-04-10 17:31:47', '2020-04-10 17:31:47'),
(456, 3, 92, '2020-04-10 17:31:47', '2020-04-10 17:31:47'),
(457, 7, 92, '2020-04-10 17:31:47', '2020-04-10 17:31:47'),
(458, 10, 92, '2020-04-10 17:31:47', '2020-04-10 17:31:47'),
(459, 13, 92, '2020-04-10 17:31:47', '2020-04-10 17:31:47'),
(460, 18, 92, '2020-04-10 17:31:47', '2020-04-10 17:31:47'),
(461, 3, 93, '2020-04-10 17:31:47', '2020-04-10 17:31:47'),
(462, 7, 93, '2020-04-10 17:31:47', '2020-04-10 17:31:47'),
(463, 9, 93, '2020-04-10 17:31:47', '2020-04-10 17:31:47'),
(464, 16, 93, '2020-04-10 17:31:47', '2020-04-10 17:31:47'),
(465, 19, 93, '2020-04-10 17:31:47', '2020-04-10 17:31:47'),
(466, 3, 94, '2020-04-10 17:31:48', '2020-04-10 17:31:48'),
(467, 7, 94, '2020-04-10 17:31:48', '2020-04-10 17:31:48'),
(468, 9, 94, '2020-04-10 17:31:48', '2020-04-10 17:31:48'),
(469, 15, 94, '2020-04-10 17:31:48', '2020-04-10 17:31:48'),
(470, 18, 94, '2020-04-10 17:31:48', '2020-04-10 17:31:48'),
(471, 3, 95, '2020-04-10 17:31:48', '2020-04-10 17:31:48'),
(472, 7, 95, '2020-04-10 17:31:48', '2020-04-10 17:31:48'),
(473, 9, 95, '2020-04-10 17:31:48', '2020-04-10 17:31:48'),
(474, 14, 95, '2020-04-10 17:31:48', '2020-04-10 17:31:48'),
(475, 18, 95, '2020-04-10 17:31:48', '2020-04-10 17:31:48'),
(476, 3, 96, '2020-04-10 17:31:48', '2020-04-10 17:31:48'),
(477, 7, 96, '2020-04-10 17:31:48', '2020-04-10 17:31:48'),
(478, 9, 96, '2020-04-10 17:31:48', '2020-04-10 17:31:48'),
(479, 13, 96, '2020-04-10 17:31:48', '2020-04-10 17:31:48'),
(480, 18, 96, '2020-04-10 17:31:48', '2020-04-10 17:31:48'),
(481, 3, 97, '2020-04-10 17:31:48', '2020-04-10 17:31:48'),
(482, 6, 97, '2020-04-10 17:31:49', '2020-04-10 17:31:49'),
(483, 12, 97, '2020-04-10 17:31:49', '2020-04-10 17:31:49'),
(484, 16, 97, '2020-04-10 17:31:49', '2020-04-10 17:31:49'),
(485, 18, 97, '2020-04-10 17:31:49', '2020-04-10 17:31:49'),
(486, 3, 98, '2020-04-10 17:31:49', '2020-04-10 17:31:49'),
(487, 6, 98, '2020-04-10 17:31:49', '2020-04-10 17:31:49'),
(488, 12, 98, '2020-04-10 17:31:49', '2020-04-10 17:31:49'),
(489, 15, 98, '2020-04-10 17:31:49', '2020-04-10 17:31:49'),
(490, 19, 98, '2020-04-10 17:31:49', '2020-04-10 17:31:49'),
(491, 3, 99, '2020-04-10 17:31:49', '2020-04-10 17:31:49'),
(492, 6, 99, '2020-04-10 17:31:49', '2020-04-10 17:31:49'),
(493, 12, 99, '2020-04-10 17:31:49', '2020-04-10 17:31:49'),
(494, 14, 99, '2020-04-10 17:31:49', '2020-04-10 17:31:49'),
(495, 19, 99, '2020-04-10 17:31:49', '2020-04-10 17:31:49'),
(496, 3, 100, '2020-04-10 17:31:49', '2020-04-10 17:31:49'),
(497, 6, 100, '2020-04-10 17:31:49', '2020-04-10 17:31:49'),
(498, 12, 100, '2020-04-10 17:31:49', '2020-04-10 17:31:49'),
(499, 13, 100, '2020-04-10 17:31:49', '2020-04-10 17:31:49'),
(500, 18, 100, '2020-04-10 17:31:49', '2020-04-10 17:31:49'),
(501, 3, 101, '2020-04-10 17:31:49', '2020-04-10 17:31:49'),
(502, 6, 101, '2020-04-10 17:31:49', '2020-04-10 17:31:49'),
(503, 11, 101, '2020-04-10 17:31:49', '2020-04-10 17:31:49'),
(504, 16, 101, '2020-04-10 17:31:49', '2020-04-10 17:31:49'),
(505, 19, 101, '2020-04-10 17:31:50', '2020-04-10 17:31:50'),
(506, 3, 102, '2020-04-10 17:31:50', '2020-04-10 17:31:50'),
(507, 6, 102, '2020-04-10 17:31:50', '2020-04-10 17:31:50'),
(508, 11, 102, '2020-04-10 17:31:50', '2020-04-10 17:31:50'),
(509, 15, 102, '2020-04-10 17:31:50', '2020-04-10 17:31:50'),
(510, 19, 102, '2020-04-10 17:31:50', '2020-04-10 17:31:50'),
(511, 3, 103, '2020-04-10 17:31:50', '2020-04-10 17:31:50'),
(512, 6, 103, '2020-04-10 17:31:50', '2020-04-10 17:31:50'),
(513, 11, 103, '2020-04-10 17:31:50', '2020-04-10 17:31:50'),
(514, 14, 103, '2020-04-10 17:31:50', '2020-04-10 17:31:50'),
(515, 18, 103, '2020-04-10 17:31:50', '2020-04-10 17:31:50'),
(516, 3, 104, '2020-04-10 17:31:50', '2020-04-10 17:31:50'),
(517, 6, 104, '2020-04-10 17:31:50', '2020-04-10 17:31:50'),
(518, 11, 104, '2020-04-10 17:31:50', '2020-04-10 17:31:50'),
(519, 13, 104, '2020-04-10 17:31:50', '2020-04-10 17:31:50'),
(520, 18, 104, '2020-04-10 17:31:50', '2020-04-10 17:31:50'),
(521, 3, 105, '2020-04-10 17:31:50', '2020-04-10 17:31:50'),
(522, 6, 105, '2020-04-10 17:31:50', '2020-04-10 17:31:50'),
(523, 10, 105, '2020-04-10 17:31:50', '2020-04-10 17:31:50'),
(524, 16, 105, '2020-04-10 17:31:50', '2020-04-10 17:31:50'),
(525, 19, 105, '2020-04-10 17:31:50', '2020-04-10 17:31:50'),
(526, 3, 106, '2020-04-10 17:31:51', '2020-04-10 17:31:51'),
(527, 6, 106, '2020-04-10 17:31:51', '2020-04-10 17:31:51'),
(528, 10, 106, '2020-04-10 17:31:51', '2020-04-10 17:31:51'),
(529, 15, 106, '2020-04-10 17:31:51', '2020-04-10 17:31:51'),
(530, 18, 106, '2020-04-10 17:31:51', '2020-04-10 17:31:51'),
(531, 3, 107, '2020-04-10 17:31:51', '2020-04-10 17:31:51'),
(532, 6, 107, '2020-04-10 17:31:51', '2020-04-10 17:31:51'),
(533, 10, 107, '2020-04-10 17:31:51', '2020-04-10 17:31:51'),
(534, 14, 107, '2020-04-10 17:31:51', '2020-04-10 17:31:51'),
(535, 18, 107, '2020-04-10 17:31:51', '2020-04-10 17:31:51'),
(536, 3, 108, '2020-04-10 17:31:51', '2020-04-10 17:31:51'),
(537, 6, 108, '2020-04-10 17:31:51', '2020-04-10 17:31:51'),
(538, 10, 108, '2020-04-10 17:31:51', '2020-04-10 17:31:51'),
(539, 13, 108, '2020-04-10 17:31:51', '2020-04-10 17:31:51'),
(540, 18, 108, '2020-04-10 17:31:51', '2020-04-10 17:31:51'),
(541, 3, 109, '2020-04-10 17:31:51', '2020-04-10 17:31:51'),
(542, 6, 109, '2020-04-10 17:31:51', '2020-04-10 17:31:51'),
(543, 9, 109, '2020-04-10 17:31:51', '2020-04-10 17:31:51'),
(544, 16, 109, '2020-04-10 17:31:51', '2020-04-10 17:31:51'),
(545, 18, 109, '2020-04-10 17:31:51', '2020-04-10 17:31:51'),
(546, 3, 110, '2020-04-10 17:31:52', '2020-04-10 17:31:52'),
(547, 6, 110, '2020-04-10 17:31:52', '2020-04-10 17:31:52'),
(548, 9, 110, '2020-04-10 17:31:52', '2020-04-10 17:31:52'),
(549, 15, 110, '2020-04-10 17:31:52', '2020-04-10 17:31:52'),
(550, 18, 110, '2020-04-10 17:31:52', '2020-04-10 17:31:52'),
(551, 3, 111, '2020-04-10 17:31:52', '2020-04-10 17:31:52'),
(552, 6, 111, '2020-04-10 17:31:52', '2020-04-10 17:31:52'),
(553, 9, 111, '2020-04-10 17:31:52', '2020-04-10 17:31:52'),
(554, 14, 111, '2020-04-10 17:31:52', '2020-04-10 17:31:52'),
(555, 18, 111, '2020-04-10 17:31:52', '2020-04-10 17:31:52'),
(556, 3, 112, '2020-04-10 17:31:52', '2020-04-10 17:31:52'),
(557, 6, 112, '2020-04-10 17:31:52', '2020-04-10 17:31:52'),
(558, 9, 112, '2020-04-10 17:31:52', '2020-04-10 17:31:52'),
(559, 13, 112, '2020-04-10 17:31:52', '2020-04-10 17:31:52'),
(560, 18, 112, '2020-04-10 17:31:52', '2020-04-10 17:31:52'),
(561, 3, 113, '2020-04-10 17:31:52', '2020-04-10 17:31:52'),
(562, 5, 113, '2020-04-10 17:31:52', '2020-04-10 17:31:52'),
(563, 12, 113, '2020-04-10 17:31:53', '2020-04-10 17:31:53'),
(564, 16, 113, '2020-04-10 17:31:53', '2020-04-10 17:31:53'),
(565, 19, 113, '2020-04-10 17:31:53', '2020-04-10 17:31:53'),
(566, 3, 114, '2020-04-10 17:31:53', '2020-04-10 17:31:53'),
(567, 5, 114, '2020-04-10 17:31:53', '2020-04-10 17:31:53'),
(568, 12, 114, '2020-04-10 17:31:53', '2020-04-10 17:31:53'),
(569, 15, 114, '2020-04-10 17:31:53', '2020-04-10 17:31:53'),
(570, 19, 114, '2020-04-10 17:31:53', '2020-04-10 17:31:53'),
(571, 3, 115, '2020-04-10 17:31:53', '2020-04-10 17:31:53'),
(572, 5, 115, '2020-04-10 17:31:53', '2020-04-10 17:31:53'),
(573, 12, 115, '2020-04-10 17:31:53', '2020-04-10 17:31:53'),
(574, 14, 115, '2020-04-10 17:31:53', '2020-04-10 17:31:53'),
(575, 18, 115, '2020-04-10 17:31:53', '2020-04-10 17:31:53'),
(576, 3, 116, '2020-04-10 17:31:53', '2020-04-10 17:31:53'),
(577, 5, 116, '2020-04-10 17:31:53', '2020-04-10 17:31:53'),
(578, 12, 116, '2020-04-10 17:31:53', '2020-04-10 17:31:53'),
(579, 13, 116, '2020-04-10 17:31:54', '2020-04-10 17:31:54'),
(580, 18, 116, '2020-04-10 17:31:54', '2020-04-10 17:31:54'),
(581, 3, 117, '2020-04-10 17:31:54', '2020-04-10 17:31:54'),
(582, 5, 117, '2020-04-10 17:31:54', '2020-04-10 17:31:54'),
(583, 11, 117, '2020-04-10 17:31:54', '2020-04-10 17:31:54'),
(584, 16, 117, '2020-04-10 17:31:54', '2020-04-10 17:31:54'),
(585, 19, 117, '2020-04-10 17:31:54', '2020-04-10 17:31:54'),
(586, 3, 118, '2020-04-10 17:31:54', '2020-04-10 17:31:54'),
(587, 5, 118, '2020-04-10 17:31:54', '2020-04-10 17:31:54'),
(588, 11, 118, '2020-04-10 17:31:54', '2020-04-10 17:31:54'),
(589, 15, 118, '2020-04-10 17:31:54', '2020-04-10 17:31:54'),
(590, 18, 118, '2020-04-10 17:31:54', '2020-04-10 17:31:54'),
(591, 3, 119, '2020-04-10 17:31:54', '2020-04-10 17:31:54'),
(592, 5, 119, '2020-04-10 17:31:54', '2020-04-10 17:31:54'),
(593, 11, 119, '2020-04-10 17:31:54', '2020-04-10 17:31:54'),
(594, 14, 119, '2020-04-10 17:31:54', '2020-04-10 17:31:54'),
(595, 18, 119, '2020-04-10 17:31:54', '2020-04-10 17:31:54'),
(596, 3, 120, '2020-04-10 17:31:55', '2020-04-10 17:31:55'),
(597, 5, 120, '2020-04-10 17:31:55', '2020-04-10 17:31:55'),
(598, 11, 120, '2020-04-10 17:31:55', '2020-04-10 17:31:55'),
(599, 13, 120, '2020-04-10 17:31:55', '2020-04-10 17:31:55'),
(600, 18, 120, '2020-04-10 17:31:55', '2020-04-10 17:31:55'),
(601, 3, 121, '2020-04-10 17:31:55', '2020-04-10 17:31:55'),
(602, 5, 121, '2020-04-10 17:31:55', '2020-04-10 17:31:55'),
(603, 10, 121, '2020-04-10 17:31:55', '2020-04-10 17:31:55'),
(604, 16, 121, '2020-04-10 17:31:55', '2020-04-10 17:31:55'),
(605, 18, 121, '2020-04-10 17:31:55', '2020-04-10 17:31:55'),
(606, 3, 122, '2020-04-10 17:31:55', '2020-04-10 17:31:55'),
(607, 5, 122, '2020-04-10 17:31:55', '2020-04-10 17:31:55'),
(608, 10, 122, '2020-04-10 17:31:55', '2020-04-10 17:31:55'),
(609, 15, 122, '2020-04-10 17:31:55', '2020-04-10 17:31:55'),
(610, 18, 122, '2020-04-10 17:31:55', '2020-04-10 17:31:55'),
(611, 3, 123, '2020-04-10 17:31:55', '2020-04-10 17:31:55'),
(612, 5, 123, '2020-04-10 17:31:55', '2020-04-10 17:31:55'),
(613, 10, 123, '2020-04-10 17:31:55', '2020-04-10 17:31:55'),
(614, 14, 123, '2020-04-10 17:31:56', '2020-04-10 17:31:56'),
(615, 18, 123, '2020-04-10 17:31:56', '2020-04-10 17:31:56'),
(616, 3, 124, '2020-04-10 17:31:56', '2020-04-10 17:31:56'),
(617, 5, 124, '2020-04-10 17:31:56', '2020-04-10 17:31:56'),
(618, 10, 124, '2020-04-10 17:31:56', '2020-04-10 17:31:56'),
(619, 13, 124, '2020-04-10 17:31:56', '2020-04-10 17:31:56'),
(620, 18, 124, '2020-04-10 17:31:56', '2020-04-10 17:31:56'),
(621, 3, 125, '2020-04-10 17:31:56', '2020-04-10 17:31:56'),
(622, 5, 125, '2020-04-10 17:31:56', '2020-04-10 17:31:56'),
(623, 9, 125, '2020-04-10 17:31:56', '2020-04-10 17:31:56'),
(624, 16, 125, '2020-04-10 17:31:56', '2020-04-10 17:31:56'),
(625, 18, 125, '2020-04-10 17:31:56', '2020-04-10 17:31:56'),
(626, 3, 126, '2020-04-10 17:31:56', '2020-04-10 17:31:56'),
(627, 5, 126, '2020-04-10 17:31:56', '2020-04-10 17:31:56'),
(628, 9, 126, '2020-04-10 17:31:56', '2020-04-10 17:31:56'),
(629, 15, 126, '2020-04-10 17:31:56', '2020-04-10 17:31:56'),
(630, 18, 126, '2020-04-10 17:31:56', '2020-04-10 17:31:56'),
(631, 3, 127, '2020-04-10 17:31:57', '2020-04-10 17:31:57'),
(632, 5, 127, '2020-04-10 17:31:57', '2020-04-10 17:31:57'),
(633, 9, 127, '2020-04-10 17:31:57', '2020-04-10 17:31:57'),
(634, 14, 127, '2020-04-10 17:31:57', '2020-04-10 17:31:57'),
(635, 18, 127, '2020-04-10 17:31:57', '2020-04-10 17:31:57'),
(636, 3, 128, '2020-04-10 17:31:57', '2020-04-10 17:31:57'),
(637, 5, 128, '2020-04-10 17:31:57', '2020-04-10 17:31:57'),
(638, 9, 128, '2020-04-10 17:31:57', '2020-04-10 17:31:57'),
(639, 13, 128, '2020-04-10 17:31:57', '2020-04-10 17:31:57'),
(640, 17, 128, '2020-04-10 17:31:57', '2020-04-10 17:31:57'),
(641, 2, 129, '2020-04-10 17:31:57', '2020-04-10 17:31:57'),
(642, 8, 129, '2020-04-10 17:31:57', '2020-04-10 17:31:57'),
(643, 12, 129, '2020-04-10 17:31:57', '2020-04-10 17:31:57'),
(644, 16, 129, '2020-04-10 17:31:57', '2020-04-10 17:31:57'),
(645, 20, 129, '2020-04-10 17:31:57', '2020-04-10 17:31:57'),
(646, 2, 130, '2020-04-10 17:31:57', '2020-04-10 17:31:57'),
(647, 8, 130, '2020-04-10 17:31:57', '2020-04-10 17:31:57'),
(648, 12, 130, '2020-04-10 17:31:57', '2020-04-10 17:31:57'),
(649, 15, 130, '2020-04-10 17:31:57', '2020-04-10 17:31:57'),
(650, 20, 130, '2020-04-10 17:31:58', '2020-04-10 17:31:58'),
(651, 2, 131, '2020-04-10 17:31:58', '2020-04-10 17:31:58'),
(652, 8, 131, '2020-04-10 17:31:58', '2020-04-10 17:31:58'),
(653, 12, 131, '2020-04-10 17:31:58', '2020-04-10 17:31:58'),
(654, 14, 131, '2020-04-10 17:31:58', '2020-04-10 17:31:58'),
(655, 19, 131, '2020-04-10 17:31:58', '2020-04-10 17:31:58'),
(656, 2, 132, '2020-04-10 17:31:58', '2020-04-10 17:31:58'),
(657, 8, 132, '2020-04-10 17:31:58', '2020-04-10 17:31:58'),
(658, 12, 132, '2020-04-10 17:31:58', '2020-04-10 17:31:58'),
(659, 13, 132, '2020-04-10 17:31:58', '2020-04-10 17:31:58'),
(660, 19, 132, '2020-04-10 17:31:58', '2020-04-10 17:31:58'),
(661, 2, 133, '2020-04-10 17:31:58', '2020-04-10 17:31:58'),
(662, 8, 133, '2020-04-10 17:31:58', '2020-04-10 17:31:58'),
(663, 11, 133, '2020-04-10 17:31:58', '2020-04-10 17:31:58'),
(664, 16, 133, '2020-04-10 17:31:58', '2020-04-10 17:31:58'),
(665, 19, 133, '2020-04-10 17:31:58', '2020-04-10 17:31:58'),
(666, 2, 134, '2020-04-10 17:31:58', '2020-04-10 17:31:58'),
(667, 8, 134, '2020-04-10 17:31:58', '2020-04-10 17:31:58'),
(668, 11, 134, '2020-04-10 17:31:59', '2020-04-10 17:31:59'),
(669, 15, 134, '2020-04-10 17:31:59', '2020-04-10 17:31:59'),
(670, 19, 134, '2020-04-10 17:31:59', '2020-04-10 17:31:59'),
(671, 2, 135, '2020-04-10 17:31:59', '2020-04-10 17:31:59'),
(672, 8, 135, '2020-04-10 17:31:59', '2020-04-10 17:31:59'),
(673, 11, 135, '2020-04-10 17:31:59', '2020-04-10 17:31:59'),
(674, 14, 135, '2020-04-10 17:31:59', '2020-04-10 17:31:59'),
(675, 19, 135, '2020-04-10 17:31:59', '2020-04-10 17:31:59'),
(676, 2, 136, '2020-04-10 17:31:59', '2020-04-10 17:31:59'),
(677, 8, 136, '2020-04-10 17:31:59', '2020-04-10 17:31:59'),
(678, 11, 136, '2020-04-10 17:31:59', '2020-04-10 17:31:59'),
(679, 13, 136, '2020-04-10 17:31:59', '2020-04-10 17:31:59'),
(680, 18, 136, '2020-04-10 17:31:59', '2020-04-10 17:31:59'),
(681, 2, 137, '2020-04-10 17:31:59', '2020-04-10 17:31:59'),
(682, 8, 137, '2020-04-10 17:31:59', '2020-04-10 17:31:59'),
(683, 10, 137, '2020-04-10 17:31:59', '2020-04-10 17:31:59'),
(684, 16, 137, '2020-04-10 17:31:59', '2020-04-10 17:31:59'),
(685, 19, 137, '2020-04-10 17:31:59', '2020-04-10 17:31:59'),
(686, 2, 138, '2020-04-10 17:32:00', '2020-04-10 17:32:00'),
(687, 8, 138, '2020-04-10 17:32:00', '2020-04-10 17:32:00'),
(688, 10, 138, '2020-04-10 17:32:00', '2020-04-10 17:32:00'),
(689, 15, 138, '2020-04-10 17:32:00', '2020-04-10 17:32:00'),
(690, 19, 138, '2020-04-10 17:32:00', '2020-04-10 17:32:00'),
(691, 2, 139, '2020-04-10 17:32:00', '2020-04-10 17:32:00'),
(692, 8, 139, '2020-04-10 17:32:00', '2020-04-10 17:32:00'),
(693, 10, 139, '2020-04-10 17:32:00', '2020-04-10 17:32:00'),
(694, 14, 139, '2020-04-10 17:32:00', '2020-04-10 17:32:00'),
(695, 18, 139, '2020-04-10 17:32:00', '2020-04-10 17:32:00'),
(696, 2, 140, '2020-04-10 17:32:00', '2020-04-10 17:32:00'),
(697, 8, 140, '2020-04-10 17:32:00', '2020-04-10 17:32:00'),
(698, 10, 140, '2020-04-10 17:32:00', '2020-04-10 17:32:00'),
(699, 13, 140, '2020-04-10 17:32:00', '2020-04-10 17:32:00'),
(700, 18, 140, '2020-04-10 17:32:00', '2020-04-10 17:32:00'),
(701, 2, 141, '2020-04-10 17:32:00', '2020-04-10 17:32:00'),
(702, 8, 141, '2020-04-10 17:32:01', '2020-04-10 17:32:01'),
(703, 9, 141, '2020-04-10 17:32:01', '2020-04-10 17:32:01'),
(704, 16, 141, '2020-04-10 17:32:01', '2020-04-10 17:32:01'),
(705, 19, 141, '2020-04-10 17:32:01', '2020-04-10 17:32:01'),
(706, 2, 142, '2020-04-10 17:32:01', '2020-04-10 17:32:01'),
(707, 8, 142, '2020-04-10 17:32:01', '2020-04-10 17:32:01'),
(708, 9, 142, '2020-04-10 17:32:01', '2020-04-10 17:32:01'),
(709, 15, 142, '2020-04-10 17:32:01', '2020-04-10 17:32:01'),
(710, 18, 142, '2020-04-10 17:32:01', '2020-04-10 17:32:01'),
(711, 2, 143, '2020-04-10 17:32:01', '2020-04-10 17:32:01'),
(712, 8, 143, '2020-04-10 17:32:01', '2020-04-10 17:32:01'),
(713, 9, 143, '2020-04-10 17:32:01', '2020-04-10 17:32:01'),
(714, 14, 143, '2020-04-10 17:32:01', '2020-04-10 17:32:01'),
(715, 18, 143, '2020-04-10 17:32:01', '2020-04-10 17:32:01'),
(716, 2, 144, '2020-04-10 17:32:01', '2020-04-10 17:32:01'),
(717, 8, 144, '2020-04-10 17:32:01', '2020-04-10 17:32:01'),
(718, 9, 144, '2020-04-10 17:32:01', '2020-04-10 17:32:01'),
(719, 13, 144, '2020-04-10 17:32:02', '2020-04-10 17:32:02'),
(720, 18, 144, '2020-04-10 17:32:02', '2020-04-10 17:32:02'),
(721, 2, 145, '2020-04-10 17:32:02', '2020-04-10 17:32:02'),
(722, 7, 145, '2020-04-10 17:32:02', '2020-04-10 17:32:02'),
(723, 12, 145, '2020-04-10 17:32:02', '2020-04-10 17:32:02'),
(724, 16, 145, '2020-04-10 17:32:02', '2020-04-10 17:32:02'),
(725, 18, 145, '2020-04-10 17:32:02', '2020-04-10 17:32:02'),
(726, 2, 146, '2020-04-10 17:32:02', '2020-04-10 17:32:02'),
(727, 7, 146, '2020-04-10 17:32:02', '2020-04-10 17:32:02'),
(728, 12, 146, '2020-04-10 17:32:02', '2020-04-10 17:32:02'),
(729, 15, 146, '2020-04-10 17:32:02', '2020-04-10 17:32:02'),
(730, 19, 146, '2020-04-10 17:32:02', '2020-04-10 17:32:02'),
(731, 2, 147, '2020-04-10 17:32:02', '2020-04-10 17:32:02'),
(732, 7, 147, '2020-04-10 17:32:02', '2020-04-10 17:32:02'),
(733, 12, 147, '2020-04-10 17:32:02', '2020-04-10 17:32:02'),
(734, 14, 147, '2020-04-10 17:32:02', '2020-04-10 17:32:02'),
(735, 19, 147, '2020-04-10 17:32:02', '2020-04-10 17:32:02'),
(736, 2, 148, '2020-04-10 17:32:03', '2020-04-10 17:32:03'),
(737, 7, 148, '2020-04-10 17:32:03', '2020-04-10 17:32:03'),
(738, 12, 148, '2020-04-10 17:32:03', '2020-04-10 17:32:03'),
(739, 13, 148, '2020-04-10 17:32:03', '2020-04-10 17:32:03'),
(740, 18, 148, '2020-04-10 17:32:03', '2020-04-10 17:32:03'),
(741, 2, 149, '2020-04-10 17:32:03', '2020-04-10 17:32:03'),
(742, 7, 149, '2020-04-10 17:32:03', '2020-04-10 17:32:03'),
(743, 11, 149, '2020-04-10 17:32:03', '2020-04-10 17:32:03'),
(744, 16, 149, '2020-04-10 17:32:03', '2020-04-10 17:32:03'),
(745, 19, 149, '2020-04-10 17:32:03', '2020-04-10 17:32:03'),
(746, 2, 150, '2020-04-10 17:32:03', '2020-04-10 17:32:03'),
(747, 7, 150, '2020-04-10 17:32:03', '2020-04-10 17:32:03'),
(748, 11, 150, '2020-04-10 17:32:03', '2020-04-10 17:32:03'),
(749, 15, 150, '2020-04-10 17:32:03', '2020-04-10 17:32:03'),
(750, 19, 150, '2020-04-10 17:32:03', '2020-04-10 17:32:03'),
(751, 2, 151, '2020-04-10 17:32:03', '2020-04-10 17:32:03'),
(752, 7, 151, '2020-04-10 17:32:04', '2020-04-10 17:32:04'),
(753, 11, 151, '2020-04-10 17:32:04', '2020-04-10 17:32:04'),
(754, 14, 151, '2020-04-10 17:32:04', '2020-04-10 17:32:04'),
(755, 18, 151, '2020-04-10 17:32:04', '2020-04-10 17:32:04'),
(756, 2, 152, '2020-04-10 17:32:04', '2020-04-10 17:32:04'),
(757, 7, 152, '2020-04-10 17:32:04', '2020-04-10 17:32:04'),
(758, 11, 152, '2020-04-10 17:32:04', '2020-04-10 17:32:04'),
(759, 13, 152, '2020-04-10 17:32:04', '2020-04-10 17:32:04'),
(760, 18, 152, '2020-04-10 17:32:04', '2020-04-10 17:32:04'),
(761, 2, 153, '2020-04-10 17:32:04', '2020-04-10 17:32:04'),
(762, 7, 153, '2020-04-10 17:32:04', '2020-04-10 17:32:04'),
(763, 10, 153, '2020-04-10 17:32:04', '2020-04-10 17:32:04'),
(764, 16, 153, '2020-04-10 17:32:04', '2020-04-10 17:32:04'),
(765, 19, 153, '2020-04-10 17:32:04', '2020-04-10 17:32:04'),
(766, 2, 154, '2020-04-10 17:32:04', '2020-04-10 17:32:04'),
(767, 7, 154, '2020-04-10 17:32:04', '2020-04-10 17:32:04'),
(768, 10, 154, '2020-04-10 17:32:04', '2020-04-10 17:32:04'),
(769, 15, 154, '2020-04-10 17:32:04', '2020-04-10 17:32:04'),
(770, 18, 154, '2020-04-10 17:32:04', '2020-04-10 17:32:04'),
(771, 2, 155, '2020-04-10 17:32:05', '2020-04-10 17:32:05'),
(772, 7, 155, '2020-04-10 17:32:05', '2020-04-10 17:32:05'),
(773, 10, 155, '2020-04-10 17:32:05', '2020-04-10 17:32:05'),
(774, 14, 155, '2020-04-10 17:32:05', '2020-04-10 17:32:05'),
(775, 18, 155, '2020-04-10 17:32:05', '2020-04-10 17:32:05'),
(776, 2, 156, '2020-04-10 17:32:05', '2020-04-10 17:32:05'),
(777, 7, 156, '2020-04-10 17:32:05', '2020-04-10 17:32:05'),
(778, 10, 156, '2020-04-10 17:32:05', '2020-04-10 17:32:05'),
(779, 13, 156, '2020-04-10 17:32:05', '2020-04-10 17:32:05'),
(780, 18, 156, '2020-04-10 17:32:05', '2020-04-10 17:32:05'),
(781, 2, 157, '2020-04-10 17:32:05', '2020-04-10 17:32:05'),
(782, 7, 157, '2020-04-10 17:32:05', '2020-04-10 17:32:05'),
(783, 9, 157, '2020-04-10 17:32:05', '2020-04-10 17:32:05'),
(784, 16, 157, '2020-04-10 17:32:05', '2020-04-10 17:32:05'),
(785, 18, 157, '2020-04-10 17:32:05', '2020-04-10 17:32:05'),
(786, 2, 158, '2020-04-10 17:32:05', '2020-04-10 17:32:05'),
(787, 7, 158, '2020-04-10 17:32:05', '2020-04-10 17:32:05'),
(788, 9, 158, '2020-04-10 17:32:06', '2020-04-10 17:32:06'),
(789, 15, 158, '2020-04-10 17:32:06', '2020-04-10 17:32:06'),
(790, 18, 158, '2020-04-10 17:32:06', '2020-04-10 17:32:06'),
(791, 2, 159, '2020-04-10 17:32:06', '2020-04-10 17:32:06'),
(792, 7, 159, '2020-04-10 17:32:06', '2020-04-10 17:32:06'),
(793, 9, 159, '2020-04-10 17:32:06', '2020-04-10 17:32:06'),
(794, 14, 159, '2020-04-10 17:32:06', '2020-04-10 17:32:06'),
(795, 18, 159, '2020-04-10 17:32:06', '2020-04-10 17:32:06'),
(796, 2, 160, '2020-04-10 17:32:06', '2020-04-10 17:32:06'),
(797, 7, 160, '2020-04-10 17:32:06', '2020-04-10 17:32:06'),
(798, 9, 160, '2020-04-10 17:32:06', '2020-04-10 17:32:06'),
(799, 13, 160, '2020-04-10 17:32:06', '2020-04-10 17:32:06'),
(800, 18, 160, '2020-04-10 17:32:06', '2020-04-10 17:32:06'),
(801, 2, 161, '2020-04-10 17:32:06', '2020-04-10 17:32:06'),
(802, 6, 161, '2020-04-10 17:32:06', '2020-04-10 17:32:06'),
(803, 12, 161, '2020-04-10 17:32:06', '2020-04-10 17:32:06'),
(804, 16, 161, '2020-04-10 17:32:06', '2020-04-10 17:32:06'),
(805, 19, 161, '2020-04-10 17:32:06', '2020-04-10 17:32:06'),
(806, 2, 162, '2020-04-10 17:32:07', '2020-04-10 17:32:07'),
(807, 6, 162, '2020-04-10 17:32:07', '2020-04-10 17:32:07'),
(808, 12, 162, '2020-04-10 17:32:07', '2020-04-10 17:32:07'),
(809, 15, 162, '2020-04-10 17:32:07', '2020-04-10 17:32:07'),
(810, 19, 162, '2020-04-10 17:32:07', '2020-04-10 17:32:07'),
(811, 2, 163, '2020-04-10 17:32:07', '2020-04-10 17:32:07'),
(812, 6, 163, '2020-04-10 17:32:07', '2020-04-10 17:32:07'),
(813, 12, 163, '2020-04-10 17:32:07', '2020-04-10 17:32:07'),
(814, 14, 163, '2020-04-10 17:32:07', '2020-04-10 17:32:07'),
(815, 18, 163, '2020-04-10 17:32:07', '2020-04-10 17:32:07'),
(816, 2, 164, '2020-04-10 17:32:07', '2020-04-10 17:32:07'),
(817, 6, 164, '2020-04-10 17:32:07', '2020-04-10 17:32:07'),
(818, 12, 164, '2020-04-10 17:32:07', '2020-04-10 17:32:07'),
(819, 13, 164, '2020-04-10 17:32:07', '2020-04-10 17:32:07'),
(820, 18, 164, '2020-04-10 17:32:07', '2020-04-10 17:32:07'),
(821, 2, 165, '2020-04-10 17:32:07', '2020-04-10 17:32:07'),
(822, 6, 165, '2020-04-10 17:32:07', '2020-04-10 17:32:07'),
(823, 11, 165, '2020-04-10 17:32:07', '2020-04-10 17:32:07'),
(824, 16, 165, '2020-04-10 17:32:07', '2020-04-10 17:32:07'),
(825, 19, 165, '2020-04-10 17:32:07', '2020-04-10 17:32:07'),
(826, 2, 166, '2020-04-10 17:32:08', '2020-04-10 17:32:08'),
(827, 6, 166, '2020-04-10 17:32:08', '2020-04-10 17:32:08'),
(828, 11, 166, '2020-04-10 17:32:08', '2020-04-10 17:32:08'),
(829, 15, 166, '2020-04-10 17:32:08', '2020-04-10 17:32:08'),
(830, 18, 166, '2020-04-10 17:32:08', '2020-04-10 17:32:08'),
(831, 2, 167, '2020-04-10 17:32:08', '2020-04-10 17:32:08'),
(832, 6, 167, '2020-04-10 17:32:08', '2020-04-10 17:32:08'),
(833, 11, 167, '2020-04-10 17:32:08', '2020-04-10 17:32:08'),
(834, 14, 167, '2020-04-10 17:32:08', '2020-04-10 17:32:08'),
(835, 18, 167, '2020-04-10 17:32:08', '2020-04-10 17:32:08'),
(836, 2, 168, '2020-04-10 17:32:08', '2020-04-10 17:32:08'),
(837, 6, 168, '2020-04-10 17:32:08', '2020-04-10 17:32:08'),
(838, 11, 168, '2020-04-10 17:32:08', '2020-04-10 17:32:08'),
(839, 13, 168, '2020-04-10 17:32:08', '2020-04-10 17:32:08'),
(840, 18, 168, '2020-04-10 17:32:08', '2020-04-10 17:32:08'),
(841, 2, 169, '2020-04-10 17:32:08', '2020-04-10 17:32:08'),
(842, 6, 169, '2020-04-10 17:32:08', '2020-04-10 17:32:08'),
(843, 10, 169, '2020-04-10 17:32:08', '2020-04-10 17:32:08'),
(844, 16, 169, '2020-04-10 17:32:09', '2020-04-10 17:32:09'),
(845, 18, 169, '2020-04-10 17:32:09', '2020-04-10 17:32:09'),
(846, 2, 170, '2020-04-10 17:32:09', '2020-04-10 17:32:09'),
(847, 6, 170, '2020-04-10 17:32:09', '2020-04-10 17:32:09'),
(848, 10, 170, '2020-04-10 17:32:09', '2020-04-10 17:32:09');
INSERT INTO `detail_aturan` (`id`, `himpunan_id`, `aturan_id`, `created_at`, `updated_at`) VALUES
(849, 15, 170, '2020-04-10 17:32:09', '2020-04-10 17:32:09'),
(850, 18, 170, '2020-04-10 17:32:09', '2020-04-10 17:32:09'),
(851, 2, 171, '2020-04-10 17:32:09', '2020-04-10 17:32:09'),
(852, 6, 171, '2020-04-10 17:32:09', '2020-04-10 17:32:09'),
(853, 10, 171, '2020-04-10 17:32:09', '2020-04-10 17:32:09'),
(854, 14, 171, '2020-04-10 17:32:09', '2020-04-10 17:32:09'),
(855, 18, 171, '2020-04-10 17:32:09', '2020-04-10 17:32:09'),
(856, 2, 172, '2020-04-10 17:32:09', '2020-04-10 17:32:09'),
(857, 6, 172, '2020-04-10 17:32:09', '2020-04-10 17:32:09'),
(858, 10, 172, '2020-04-10 17:32:09', '2020-04-10 17:32:09'),
(859, 13, 172, '2020-04-10 17:32:09', '2020-04-10 17:32:09'),
(860, 18, 172, '2020-04-10 17:32:09', '2020-04-10 17:32:09'),
(861, 2, 173, '2020-04-10 17:32:10', '2020-04-10 17:32:10'),
(862, 6, 173, '2020-04-10 17:32:10', '2020-04-10 17:32:10'),
(863, 9, 173, '2020-04-10 17:32:10', '2020-04-10 17:32:10'),
(864, 16, 173, '2020-04-10 17:32:10', '2020-04-10 17:32:10'),
(865, 18, 173, '2020-04-10 17:32:10', '2020-04-10 17:32:10'),
(866, 2, 174, '2020-04-10 17:32:10', '2020-04-10 17:32:10'),
(867, 6, 174, '2020-04-10 17:32:10', '2020-04-10 17:32:10'),
(868, 9, 174, '2020-04-10 17:32:10', '2020-04-10 17:32:10'),
(869, 15, 174, '2020-04-10 17:32:10', '2020-04-10 17:32:10'),
(870, 18, 174, '2020-04-10 17:32:10', '2020-04-10 17:32:10'),
(871, 2, 175, '2020-04-10 17:32:10', '2020-04-10 17:32:10'),
(872, 6, 175, '2020-04-10 17:32:10', '2020-04-10 17:32:10'),
(873, 9, 175, '2020-04-10 17:32:10', '2020-04-10 17:32:10'),
(874, 14, 175, '2020-04-10 17:32:10', '2020-04-10 17:32:10'),
(875, 18, 175, '2020-04-10 17:32:10', '2020-04-10 17:32:10'),
(876, 2, 176, '2020-04-10 17:32:11', '2020-04-10 17:32:11'),
(877, 6, 176, '2020-04-10 17:32:11', '2020-04-10 17:32:11'),
(878, 9, 176, '2020-04-10 17:32:11', '2020-04-10 17:32:11'),
(879, 13, 176, '2020-04-10 17:32:11', '2020-04-10 17:32:11'),
(880, 17, 176, '2020-04-10 17:32:11', '2020-04-10 17:32:11'),
(881, 2, 177, '2020-04-10 17:32:11', '2020-04-10 17:32:11'),
(882, 5, 177, '2020-04-10 17:32:11', '2020-04-10 17:32:11'),
(883, 12, 177, '2020-04-10 17:32:11', '2020-04-10 17:32:11'),
(884, 16, 177, '2020-04-10 17:32:11', '2020-04-10 17:32:11'),
(885, 19, 177, '2020-04-10 17:32:11', '2020-04-10 17:32:11'),
(886, 2, 178, '2020-04-10 17:32:11', '2020-04-10 17:32:11'),
(887, 5, 178, '2020-04-10 17:32:11', '2020-04-10 17:32:11'),
(888, 12, 178, '2020-04-10 17:32:11', '2020-04-10 17:32:11'),
(889, 15, 178, '2020-04-10 17:32:11', '2020-04-10 17:32:11'),
(890, 18, 178, '2020-04-10 17:32:11', '2020-04-10 17:32:11'),
(891, 2, 179, '2020-04-10 17:32:11', '2020-04-10 17:32:11'),
(892, 5, 179, '2020-04-10 17:32:11', '2020-04-10 17:32:11'),
(893, 12, 179, '2020-04-10 17:32:11', '2020-04-10 17:32:11'),
(894, 14, 179, '2020-04-10 17:32:12', '2020-04-10 17:32:12'),
(895, 18, 179, '2020-04-10 17:32:12', '2020-04-10 17:32:12'),
(896, 2, 180, '2020-04-10 17:32:12', '2020-04-10 17:32:12'),
(897, 5, 180, '2020-04-10 17:32:12', '2020-04-10 17:32:12'),
(898, 12, 180, '2020-04-10 17:32:12', '2020-04-10 17:32:12'),
(899, 13, 180, '2020-04-10 17:32:12', '2020-04-10 17:32:12'),
(900, 18, 180, '2020-04-10 17:32:12', '2020-04-10 17:32:12'),
(901, 2, 181, '2020-04-10 17:32:12', '2020-04-10 17:32:12'),
(902, 5, 181, '2020-04-10 17:32:12', '2020-04-10 17:32:12'),
(903, 11, 181, '2020-04-10 17:32:12', '2020-04-10 17:32:12'),
(904, 16, 181, '2020-04-10 17:32:12', '2020-04-10 17:32:12'),
(905, 18, 181, '2020-04-10 17:32:12', '2020-04-10 17:32:12'),
(906, 2, 182, '2020-04-10 17:32:12', '2020-04-10 17:32:12'),
(907, 5, 182, '2020-04-10 17:32:12', '2020-04-10 17:32:12'),
(908, 11, 182, '2020-04-10 17:32:12', '2020-04-10 17:32:12'),
(909, 15, 182, '2020-04-10 17:32:12', '2020-04-10 17:32:12'),
(910, 18, 182, '2020-04-10 17:32:12', '2020-04-10 17:32:12'),
(911, 2, 183, '2020-04-10 17:32:12', '2020-04-10 17:32:12'),
(912, 5, 183, '2020-04-10 17:32:12', '2020-04-10 17:32:12'),
(913, 11, 183, '2020-04-10 17:32:12', '2020-04-10 17:32:12'),
(914, 14, 183, '2020-04-10 17:32:12', '2020-04-10 17:32:12'),
(915, 18, 183, '2020-04-10 17:32:12', '2020-04-10 17:32:12'),
(916, 2, 184, '2020-04-10 17:32:13', '2020-04-10 17:32:13'),
(917, 5, 184, '2020-04-10 17:32:13', '2020-04-10 17:32:13'),
(918, 11, 184, '2020-04-10 17:32:13', '2020-04-10 17:32:13'),
(919, 13, 184, '2020-04-10 17:32:13', '2020-04-10 17:32:13'),
(920, 18, 184, '2020-04-10 17:32:13', '2020-04-10 17:32:13'),
(921, 2, 185, '2020-04-10 17:32:13', '2020-04-10 17:32:13'),
(922, 5, 185, '2020-04-10 17:32:13', '2020-04-10 17:32:13'),
(923, 10, 185, '2020-04-10 17:32:13', '2020-04-10 17:32:13'),
(924, 16, 185, '2020-04-10 17:32:13', '2020-04-10 17:32:13'),
(925, 18, 185, '2020-04-10 17:32:13', '2020-04-10 17:32:13'),
(926, 2, 186, '2020-04-10 17:32:13', '2020-04-10 17:32:13'),
(927, 5, 186, '2020-04-10 17:32:13', '2020-04-10 17:32:13'),
(928, 10, 186, '2020-04-10 17:32:13', '2020-04-10 17:32:13'),
(929, 15, 186, '2020-04-10 17:32:13', '2020-04-10 17:32:13'),
(930, 18, 186, '2020-04-10 17:32:13', '2020-04-10 17:32:13'),
(931, 2, 187, '2020-04-10 17:32:13', '2020-04-10 17:32:13'),
(932, 5, 187, '2020-04-10 17:32:13', '2020-04-10 17:32:13'),
(933, 10, 187, '2020-04-10 17:32:13', '2020-04-10 17:32:13'),
(934, 14, 187, '2020-04-10 17:32:14', '2020-04-10 17:32:14'),
(935, 18, 187, '2020-04-10 17:32:14', '2020-04-10 17:32:14'),
(936, 2, 188, '2020-04-10 17:32:14', '2020-04-10 17:32:14'),
(937, 5, 188, '2020-04-10 17:32:14', '2020-04-10 17:32:14'),
(938, 10, 188, '2020-04-10 17:32:14', '2020-04-10 17:32:14'),
(939, 13, 188, '2020-04-10 17:32:14', '2020-04-10 17:32:14'),
(940, 17, 188, '2020-04-10 17:32:14', '2020-04-10 17:32:14'),
(941, 2, 189, '2020-04-10 17:32:14', '2020-04-10 17:32:14'),
(942, 5, 189, '2020-04-10 17:32:14', '2020-04-10 17:32:14'),
(943, 9, 189, '2020-04-10 17:32:14', '2020-04-10 17:32:14'),
(944, 16, 189, '2020-04-10 17:32:14', '2020-04-10 17:32:14'),
(945, 18, 189, '2020-04-10 17:32:14', '2020-04-10 17:32:14'),
(946, 2, 190, '2020-04-10 17:32:14', '2020-04-10 17:32:14'),
(947, 5, 190, '2020-04-10 17:32:14', '2020-04-10 17:32:14'),
(948, 9, 190, '2020-04-10 17:32:14', '2020-04-10 17:32:14'),
(949, 15, 190, '2020-04-10 17:32:14', '2020-04-10 17:32:14'),
(950, 18, 190, '2020-04-10 17:32:14', '2020-04-10 17:32:14'),
(951, 2, 191, '2020-04-10 17:32:15', '2020-04-10 17:32:15'),
(952, 5, 191, '2020-04-10 17:32:15', '2020-04-10 17:32:15'),
(953, 9, 191, '2020-04-10 17:32:15', '2020-04-10 17:32:15'),
(954, 14, 191, '2020-04-10 17:32:15', '2020-04-10 17:32:15'),
(955, 17, 191, '2020-04-10 17:32:15', '2020-04-10 17:32:15'),
(956, 2, 192, '2020-04-10 17:32:15', '2020-04-10 17:32:15'),
(957, 5, 192, '2020-04-10 17:32:15', '2020-04-10 17:32:15'),
(958, 9, 192, '2020-04-10 17:32:15', '2020-04-10 17:32:15'),
(959, 13, 192, '2020-04-10 17:32:15', '2020-04-10 17:32:15'),
(960, 17, 192, '2020-04-10 17:32:15', '2020-04-10 17:32:15'),
(961, 1, 193, '2020-04-10 17:32:15', '2020-04-10 17:32:15'),
(962, 8, 193, '2020-04-10 17:32:15', '2020-04-10 17:32:15'),
(963, 12, 193, '2020-04-10 17:32:15', '2020-04-10 17:32:15'),
(964, 16, 193, '2020-04-10 17:32:15', '2020-04-10 17:32:15'),
(965, 17, 193, '2020-04-10 17:32:15', '2020-04-10 17:32:15'),
(966, 1, 194, '2020-04-10 17:32:16', '2020-04-10 17:32:16'),
(967, 8, 194, '2020-04-10 17:32:16', '2020-04-10 17:32:16'),
(968, 12, 194, '2020-04-10 17:32:16', '2020-04-10 17:32:16'),
(969, 15, 194, '2020-04-10 17:32:16', '2020-04-10 17:32:16'),
(970, 19, 194, '2020-04-10 17:32:16', '2020-04-10 17:32:16'),
(971, 1, 195, '2020-04-10 17:32:16', '2020-04-10 17:32:16'),
(972, 8, 195, '2020-04-10 17:32:16', '2020-04-10 17:32:16'),
(973, 12, 195, '2020-04-10 17:32:16', '2020-04-10 17:32:16'),
(974, 14, 195, '2020-04-10 17:32:16', '2020-04-10 17:32:16'),
(975, 19, 195, '2020-04-10 17:32:16', '2020-04-10 17:32:16'),
(976, 1, 196, '2020-04-10 17:32:16', '2020-04-10 17:32:16'),
(977, 8, 196, '2020-04-10 17:32:16', '2020-04-10 17:32:16'),
(978, 12, 196, '2020-04-10 17:32:16', '2020-04-10 17:32:16'),
(979, 13, 196, '2020-04-10 17:32:16', '2020-04-10 17:32:16'),
(980, 18, 196, '2020-04-10 17:32:16', '2020-04-10 17:32:16'),
(981, 1, 197, '2020-04-10 17:32:16', '2020-04-10 17:32:16'),
(982, 8, 197, '2020-04-10 17:32:16', '2020-04-10 17:32:16'),
(983, 11, 197, '2020-04-10 17:32:16', '2020-04-10 17:32:16'),
(984, 16, 197, '2020-04-10 17:32:16', '2020-04-10 17:32:16'),
(985, 19, 197, '2020-04-10 17:32:16', '2020-04-10 17:32:16'),
(986, 1, 198, '2020-04-10 17:32:16', '2020-04-10 17:32:16'),
(987, 8, 198, '2020-04-10 17:32:16', '2020-04-10 17:32:16'),
(988, 11, 198, '2020-04-10 17:32:17', '2020-04-10 17:32:17'),
(989, 15, 198, '2020-04-10 17:32:17', '2020-04-10 17:32:17'),
(990, 19, 198, '2020-04-10 17:32:17', '2020-04-10 17:32:17'),
(991, 1, 199, '2020-04-10 17:32:17', '2020-04-10 17:32:17'),
(992, 8, 199, '2020-04-10 17:32:17', '2020-04-10 17:32:17'),
(993, 11, 199, '2020-04-10 17:32:17', '2020-04-10 17:32:17'),
(994, 14, 199, '2020-04-10 17:32:17', '2020-04-10 17:32:17'),
(995, 18, 199, '2020-04-10 17:32:17', '2020-04-10 17:32:17'),
(996, 1, 200, '2020-04-10 17:32:17', '2020-04-10 17:32:17'),
(997, 8, 200, '2020-04-10 17:32:17', '2020-04-10 17:32:17'),
(998, 11, 200, '2020-04-10 17:32:17', '2020-04-10 17:32:17'),
(999, 13, 200, '2020-04-10 17:32:17', '2020-04-10 17:32:17'),
(1000, 18, 200, '2020-04-10 17:32:17', '2020-04-10 17:32:17'),
(1001, 1, 201, '2020-04-10 17:32:17', '2020-04-10 17:32:17'),
(1002, 8, 201, '2020-04-10 17:32:17', '2020-04-10 17:32:17'),
(1003, 10, 201, '2020-04-10 17:32:17', '2020-04-10 17:32:17'),
(1004, 16, 201, '2020-04-10 17:32:17', '2020-04-10 17:32:17'),
(1005, 19, 201, '2020-04-10 17:32:17', '2020-04-10 17:32:17'),
(1006, 1, 202, '2020-04-10 17:32:17', '2020-04-10 17:32:17'),
(1007, 8, 202, '2020-04-10 17:32:18', '2020-04-10 17:32:18'),
(1008, 10, 202, '2020-04-10 17:32:18', '2020-04-10 17:32:18'),
(1009, 15, 202, '2020-04-10 17:32:18', '2020-04-10 17:32:18'),
(1010, 18, 202, '2020-04-10 17:32:18', '2020-04-10 17:32:18'),
(1011, 1, 203, '2020-04-10 17:32:18', '2020-04-10 17:32:18'),
(1012, 8, 203, '2020-04-10 17:32:18', '2020-04-10 17:32:18'),
(1013, 10, 203, '2020-04-10 17:32:18', '2020-04-10 17:32:18'),
(1014, 14, 203, '2020-04-10 17:32:18', '2020-04-10 17:32:18'),
(1015, 18, 203, '2020-04-10 17:32:18', '2020-04-10 17:32:18'),
(1016, 1, 204, '2020-04-10 17:32:18', '2020-04-10 17:32:18'),
(1017, 8, 204, '2020-04-10 17:32:18', '2020-04-10 17:32:18'),
(1018, 10, 204, '2020-04-10 17:32:18', '2020-04-10 17:32:18'),
(1019, 13, 204, '2020-04-10 17:32:18', '2020-04-10 17:32:18'),
(1020, 18, 204, '2020-04-10 17:32:18', '2020-04-10 17:32:18'),
(1021, 1, 205, '2020-04-10 17:32:18', '2020-04-10 17:32:18'),
(1022, 8, 205, '2020-04-10 17:32:18', '2020-04-10 17:32:18'),
(1023, 9, 205, '2020-04-10 17:32:18', '2020-04-10 17:32:18'),
(1024, 16, 205, '2020-04-10 17:32:18', '2020-04-10 17:32:18'),
(1025, 18, 205, '2020-04-10 17:32:19', '2020-04-10 17:32:19'),
(1026, 1, 206, '2020-04-10 17:32:19', '2020-04-10 17:32:19'),
(1027, 8, 206, '2020-04-10 17:32:19', '2020-04-10 17:32:19'),
(1028, 9, 206, '2020-04-10 17:32:19', '2020-04-10 17:32:19'),
(1029, 15, 206, '2020-04-10 17:32:19', '2020-04-10 17:32:19'),
(1030, 18, 206, '2020-04-10 17:32:19', '2020-04-10 17:32:19'),
(1031, 1, 207, '2020-04-10 17:32:19', '2020-04-10 17:32:19'),
(1032, 8, 207, '2020-04-10 17:32:19', '2020-04-10 17:32:19'),
(1033, 9, 207, '2020-04-10 17:32:19', '2020-04-10 17:32:19'),
(1034, 14, 207, '2020-04-10 17:32:19', '2020-04-10 17:32:19'),
(1035, 18, 207, '2020-04-10 17:32:19', '2020-04-10 17:32:19'),
(1036, 1, 208, '2020-04-10 17:32:19', '2020-04-10 17:32:19'),
(1037, 8, 208, '2020-04-10 17:32:19', '2020-04-10 17:32:19'),
(1038, 9, 208, '2020-04-10 17:32:19', '2020-04-10 17:32:19'),
(1039, 13, 208, '2020-04-10 17:32:19', '2020-04-10 17:32:19'),
(1040, 18, 208, '2020-04-10 17:32:19', '2020-04-10 17:32:19'),
(1041, 1, 209, '2020-04-10 17:32:20', '2020-04-10 17:32:20'),
(1042, 7, 209, '2020-04-10 17:32:20', '2020-04-10 17:32:20'),
(1043, 12, 209, '2020-04-10 17:32:20', '2020-04-10 17:32:20'),
(1044, 16, 209, '2020-04-10 17:32:20', '2020-04-10 17:32:20'),
(1045, 19, 209, '2020-04-10 17:32:20', '2020-04-10 17:32:20'),
(1046, 1, 210, '2020-04-10 17:32:20', '2020-04-10 17:32:20'),
(1047, 7, 210, '2020-04-10 17:32:20', '2020-04-10 17:32:20'),
(1048, 12, 210, '2020-04-10 17:32:20', '2020-04-10 17:32:20'),
(1049, 15, 210, '2020-04-10 17:32:20', '2020-04-10 17:32:20'),
(1050, 19, 210, '2020-04-10 17:32:20', '2020-04-10 17:32:20'),
(1051, 1, 211, '2020-04-10 17:32:20', '2020-04-10 17:32:20'),
(1052, 7, 211, '2020-04-10 17:32:20', '2020-04-10 17:32:20'),
(1053, 12, 211, '2020-04-10 17:32:20', '2020-04-10 17:32:20'),
(1054, 14, 211, '2020-04-10 17:32:20', '2020-04-10 17:32:20'),
(1055, 18, 211, '2020-04-10 17:32:20', '2020-04-10 17:32:20'),
(1056, 1, 212, '2020-04-10 17:32:20', '2020-04-10 17:32:20'),
(1057, 7, 212, '2020-04-10 17:32:20', '2020-04-10 17:32:20'),
(1058, 12, 212, '2020-04-10 17:32:20', '2020-04-10 17:32:20'),
(1059, 13, 212, '2020-04-10 17:32:20', '2020-04-10 17:32:20'),
(1060, 18, 212, '2020-04-10 17:32:20', '2020-04-10 17:32:20'),
(1061, 1, 213, '2020-04-10 17:32:20', '2020-04-10 17:32:20'),
(1062, 7, 213, '2020-04-10 17:32:21', '2020-04-10 17:32:21'),
(1063, 11, 213, '2020-04-10 17:32:21', '2020-04-10 17:32:21'),
(1064, 16, 213, '2020-04-10 17:32:21', '2020-04-10 17:32:21'),
(1065, 19, 213, '2020-04-10 17:32:21', '2020-04-10 17:32:21'),
(1066, 1, 214, '2020-04-10 17:32:21', '2020-04-10 17:32:21'),
(1067, 7, 214, '2020-04-10 17:32:21', '2020-04-10 17:32:21'),
(1068, 11, 214, '2020-04-10 17:32:21', '2020-04-10 17:32:21'),
(1069, 15, 214, '2020-04-10 17:32:21', '2020-04-10 17:32:21'),
(1070, 18, 214, '2020-04-10 17:32:21', '2020-04-10 17:32:21'),
(1071, 1, 215, '2020-04-10 17:32:21', '2020-04-10 17:32:21'),
(1072, 7, 215, '2020-04-10 17:32:21', '2020-04-10 17:32:21'),
(1073, 11, 215, '2020-04-10 17:32:21', '2020-04-10 17:32:21'),
(1074, 14, 215, '2020-04-10 17:32:21', '2020-04-10 17:32:21'),
(1075, 18, 215, '2020-04-10 17:32:21', '2020-04-10 17:32:21'),
(1076, 1, 216, '2020-04-10 17:32:21', '2020-04-10 17:32:21'),
(1077, 7, 216, '2020-04-10 17:32:21', '2020-04-10 17:32:21'),
(1078, 11, 216, '2020-04-10 17:32:21', '2020-04-10 17:32:21'),
(1079, 13, 216, '2020-04-10 17:32:21', '2020-04-10 17:32:21'),
(1080, 18, 216, '2020-04-10 17:32:21', '2020-04-10 17:32:21'),
(1081, 1, 217, '2020-04-10 17:32:21', '2020-04-10 17:32:21'),
(1082, 7, 217, '2020-04-10 17:32:21', '2020-04-10 17:32:21'),
(1083, 10, 217, '2020-04-10 17:32:21', '2020-04-10 17:32:21'),
(1084, 16, 217, '2020-04-10 17:32:22', '2020-04-10 17:32:22'),
(1085, 18, 217, '2020-04-10 17:32:22', '2020-04-10 17:32:22'),
(1086, 1, 218, '2020-04-10 17:32:22', '2020-04-10 17:32:22'),
(1087, 7, 218, '2020-04-10 17:32:22', '2020-04-10 17:32:22'),
(1088, 10, 218, '2020-04-10 17:32:22', '2020-04-10 17:32:22'),
(1089, 15, 218, '2020-04-10 17:32:22', '2020-04-10 17:32:22'),
(1090, 18, 218, '2020-04-10 17:32:22', '2020-04-10 17:32:22'),
(1091, 1, 219, '2020-04-10 17:32:22', '2020-04-10 17:32:22'),
(1092, 7, 219, '2020-04-10 17:32:22', '2020-04-10 17:32:22'),
(1093, 10, 219, '2020-04-10 17:32:22', '2020-04-10 17:32:22'),
(1094, 14, 219, '2020-04-10 17:32:22', '2020-04-10 17:32:22'),
(1095, 18, 219, '2020-04-10 17:32:22', '2020-04-10 17:32:22'),
(1096, 1, 220, '2020-04-10 17:32:22', '2020-04-10 17:32:22'),
(1097, 7, 220, '2020-04-10 17:32:22', '2020-04-10 17:32:22'),
(1098, 10, 220, '2020-04-10 17:32:22', '2020-04-10 17:32:22'),
(1099, 13, 220, '2020-04-10 17:32:23', '2020-04-10 17:32:23'),
(1100, 18, 220, '2020-04-10 17:32:23', '2020-04-10 17:32:23'),
(1101, 1, 221, '2020-04-10 17:32:23', '2020-04-10 17:32:23'),
(1102, 7, 221, '2020-04-10 17:32:23', '2020-04-10 17:32:23'),
(1103, 9, 221, '2020-04-10 17:32:23', '2020-04-10 17:32:23'),
(1104, 16, 221, '2020-04-10 17:32:23', '2020-04-10 17:32:23'),
(1105, 18, 221, '2020-04-10 17:32:23', '2020-04-10 17:32:23'),
(1106, 1, 222, '2020-04-10 17:32:23', '2020-04-10 17:32:23'),
(1107, 7, 222, '2020-04-10 17:32:23', '2020-04-10 17:32:23'),
(1108, 9, 222, '2020-04-10 17:32:23', '2020-04-10 17:32:23'),
(1109, 15, 222, '2020-04-10 17:32:23', '2020-04-10 17:32:23'),
(1110, 18, 222, '2020-04-10 17:32:23', '2020-04-10 17:32:23'),
(1111, 1, 223, '2020-04-10 17:32:23', '2020-04-10 17:32:23'),
(1112, 7, 223, '2020-04-10 17:32:23', '2020-04-10 17:32:23'),
(1113, 9, 223, '2020-04-10 17:32:23', '2020-04-10 17:32:23'),
(1114, 14, 223, '2020-04-10 17:32:23', '2020-04-10 17:32:23'),
(1115, 18, 223, '2020-04-10 17:32:23', '2020-04-10 17:32:23'),
(1116, 1, 224, '2020-04-10 17:32:24', '2020-04-10 17:32:24'),
(1117, 7, 224, '2020-04-10 17:32:24', '2020-04-10 17:32:24'),
(1118, 9, 224, '2020-04-10 17:32:24', '2020-04-10 17:32:24'),
(1119, 13, 224, '2020-04-10 17:32:24', '2020-04-10 17:32:24'),
(1120, 17, 224, '2020-04-10 17:32:24', '2020-04-10 17:32:24'),
(1121, 1, 225, '2020-04-10 17:32:24', '2020-04-10 17:32:24'),
(1122, 6, 225, '2020-04-10 17:32:24', '2020-04-10 17:32:24'),
(1123, 12, 225, '2020-04-10 17:32:24', '2020-04-10 17:32:24'),
(1124, 16, 225, '2020-04-10 17:32:24', '2020-04-10 17:32:24'),
(1125, 19, 225, '2020-04-10 17:32:24', '2020-04-10 17:32:24'),
(1126, 1, 226, '2020-04-10 17:32:24', '2020-04-10 17:32:24'),
(1127, 6, 226, '2020-04-10 17:32:24', '2020-04-10 17:32:24'),
(1128, 12, 226, '2020-04-10 17:32:24', '2020-04-10 17:32:24'),
(1129, 15, 226, '2020-04-10 17:32:24', '2020-04-10 17:32:24'),
(1130, 18, 226, '2020-04-10 17:32:24', '2020-04-10 17:32:24'),
(1131, 1, 227, '2020-04-10 17:32:24', '2020-04-10 17:32:24'),
(1132, 6, 227, '2020-04-10 17:32:24', '2020-04-10 17:32:24'),
(1133, 12, 227, '2020-04-10 17:32:24', '2020-04-10 17:32:24'),
(1134, 14, 227, '2020-04-10 17:32:25', '2020-04-10 17:32:25'),
(1135, 18, 227, '2020-04-10 17:32:25', '2020-04-10 17:32:25'),
(1136, 1, 228, '2020-04-10 17:32:25', '2020-04-10 17:32:25'),
(1137, 6, 228, '2020-04-10 17:32:25', '2020-04-10 17:32:25'),
(1138, 12, 228, '2020-04-10 17:32:25', '2020-04-10 17:32:25'),
(1139, 13, 228, '2020-04-10 17:32:25', '2020-04-10 17:32:25'),
(1140, 18, 228, '2020-04-10 17:32:25', '2020-04-10 17:32:25'),
(1141, 1, 229, '2020-04-10 17:32:25', '2020-04-10 17:32:25'),
(1142, 6, 229, '2020-04-10 17:32:25', '2020-04-10 17:32:25'),
(1143, 11, 229, '2020-04-10 17:32:25', '2020-04-10 17:32:25'),
(1144, 16, 229, '2020-04-10 17:32:25', '2020-04-10 17:32:25'),
(1145, 18, 229, '2020-04-10 17:32:25', '2020-04-10 17:32:25'),
(1146, 1, 230, '2020-04-10 17:32:25', '2020-04-10 17:32:25'),
(1147, 6, 230, '2020-04-10 17:32:25', '2020-04-10 17:32:25'),
(1148, 11, 230, '2020-04-10 17:32:25', '2020-04-10 17:32:25'),
(1149, 15, 230, '2020-04-10 17:32:25', '2020-04-10 17:32:25'),
(1150, 18, 230, '2020-04-10 17:32:25', '2020-04-10 17:32:25'),
(1151, 1, 231, '2020-04-10 17:32:25', '2020-04-10 17:32:25'),
(1152, 6, 231, '2020-04-10 17:32:25', '2020-04-10 17:32:25'),
(1153, 11, 231, '2020-04-10 17:32:25', '2020-04-10 17:32:25'),
(1154, 14, 231, '2020-04-10 17:32:25', '2020-04-10 17:32:25'),
(1155, 18, 231, '2020-04-10 17:32:26', '2020-04-10 17:32:26'),
(1156, 1, 232, '2020-04-10 17:32:26', '2020-04-10 17:32:26'),
(1157, 6, 232, '2020-04-10 17:32:26', '2020-04-10 17:32:26'),
(1158, 11, 232, '2020-04-10 17:32:26', '2020-04-10 17:32:26'),
(1159, 13, 232, '2020-04-10 17:32:26', '2020-04-10 17:32:26'),
(1160, 18, 232, '2020-04-10 17:32:26', '2020-04-10 17:32:26'),
(1161, 1, 233, '2020-04-10 17:32:26', '2020-04-10 17:32:26'),
(1162, 6, 233, '2020-04-10 17:32:26', '2020-04-10 17:32:26'),
(1163, 10, 233, '2020-04-10 17:32:26', '2020-04-10 17:32:26'),
(1164, 16, 233, '2020-04-10 17:32:26', '2020-04-10 17:32:26'),
(1165, 18, 233, '2020-04-10 17:32:26', '2020-04-10 17:32:26'),
(1166, 1, 234, '2020-04-10 17:32:26', '2020-04-10 17:32:26'),
(1167, 6, 234, '2020-04-10 17:32:26', '2020-04-10 17:32:26'),
(1168, 10, 234, '2020-04-10 17:32:26', '2020-04-10 17:32:26'),
(1169, 15, 234, '2020-04-10 17:32:26', '2020-04-10 17:32:26'),
(1170, 18, 234, '2020-04-10 17:32:27', '2020-04-10 17:32:27'),
(1171, 1, 235, '2020-04-10 17:32:27', '2020-04-10 17:32:27'),
(1172, 6, 235, '2020-04-10 17:32:27', '2020-04-10 17:32:27'),
(1173, 10, 235, '2020-04-10 17:32:27', '2020-04-10 17:32:27'),
(1174, 14, 235, '2020-04-10 17:32:27', '2020-04-10 17:32:27'),
(1175, 18, 235, '2020-04-10 17:32:27', '2020-04-10 17:32:27'),
(1176, 1, 236, '2020-04-10 17:32:27', '2020-04-10 17:32:27'),
(1177, 6, 236, '2020-04-10 17:32:27', '2020-04-10 17:32:27'),
(1178, 10, 236, '2020-04-10 17:32:27', '2020-04-10 17:32:27'),
(1179, 13, 236, '2020-04-10 17:32:27', '2020-04-10 17:32:27'),
(1180, 17, 236, '2020-04-10 17:32:27', '2020-04-10 17:32:27'),
(1181, 1, 237, '2020-04-10 17:32:27', '2020-04-10 17:32:27'),
(1182, 6, 237, '2020-04-10 17:32:27', '2020-04-10 17:32:27'),
(1183, 9, 237, '2020-04-10 17:32:27', '2020-04-10 17:32:27'),
(1184, 16, 237, '2020-04-10 17:32:27', '2020-04-10 17:32:27'),
(1185, 18, 237, '2020-04-10 17:32:27', '2020-04-10 17:32:27'),
(1186, 1, 238, '2020-04-10 17:32:28', '2020-04-10 17:32:28'),
(1187, 6, 238, '2020-04-10 17:32:28', '2020-04-10 17:32:28'),
(1188, 9, 238, '2020-04-10 17:32:28', '2020-04-10 17:32:28'),
(1189, 15, 238, '2020-04-10 17:32:28', '2020-04-10 17:32:28'),
(1190, 18, 238, '2020-04-10 17:32:28', '2020-04-10 17:32:28'),
(1191, 1, 239, '2020-04-10 17:32:28', '2020-04-10 17:32:28'),
(1192, 6, 239, '2020-04-10 17:32:28', '2020-04-10 17:32:28'),
(1193, 9, 239, '2020-04-10 17:32:28', '2020-04-10 17:32:28'),
(1194, 14, 239, '2020-04-10 17:32:28', '2020-04-10 17:32:28'),
(1195, 17, 239, '2020-04-10 17:32:28', '2020-04-10 17:32:28'),
(1196, 1, 240, '2020-04-10 17:32:28', '2020-04-10 17:32:28'),
(1197, 6, 240, '2020-04-10 17:32:28', '2020-04-10 17:32:28'),
(1198, 9, 240, '2020-04-10 17:32:28', '2020-04-10 17:32:28'),
(1199, 13, 240, '2020-04-10 17:32:28', '2020-04-10 17:32:28'),
(1200, 17, 240, '2020-04-10 17:32:28', '2020-04-10 17:32:28'),
(1201, 1, 241, '2020-04-10 17:32:28', '2020-04-10 17:32:28'),
(1202, 5, 241, '2020-04-10 17:32:29', '2020-04-10 17:32:29'),
(1203, 12, 241, '2020-04-10 17:32:29', '2020-04-10 17:32:29'),
(1204, 16, 241, '2020-04-10 17:32:29', '2020-04-10 17:32:29'),
(1205, 18, 241, '2020-04-10 17:32:29', '2020-04-10 17:32:29'),
(1206, 1, 242, '2020-04-10 17:32:29', '2020-04-10 17:32:29'),
(1207, 5, 242, '2020-04-10 17:32:29', '2020-04-10 17:32:29'),
(1208, 12, 242, '2020-04-10 17:32:29', '2020-04-10 17:32:29'),
(1209, 15, 242, '2020-04-10 17:32:29', '2020-04-10 17:32:29'),
(1210, 18, 242, '2020-04-10 17:32:29', '2020-04-10 17:32:29'),
(1211, 1, 243, '2020-04-10 17:32:29', '2020-04-10 17:32:29'),
(1212, 5, 243, '2020-04-10 17:32:29', '2020-04-10 17:32:29'),
(1213, 12, 243, '2020-04-10 17:32:29', '2020-04-10 17:32:29'),
(1214, 14, 243, '2020-04-10 17:32:29', '2020-04-10 17:32:29'),
(1215, 18, 243, '2020-04-10 17:32:29', '2020-04-10 17:32:29'),
(1216, 1, 244, '2020-04-10 17:32:29', '2020-04-10 17:32:29'),
(1217, 5, 244, '2020-04-10 17:32:29', '2020-04-10 17:32:29'),
(1218, 12, 244, '2020-04-10 17:32:29', '2020-04-10 17:32:29'),
(1219, 13, 244, '2020-04-10 17:32:29', '2020-04-10 17:32:29'),
(1220, 18, 244, '2020-04-10 17:32:29', '2020-04-10 17:32:29'),
(1221, 1, 245, '2020-04-10 17:32:30', '2020-04-10 17:32:30'),
(1222, 5, 245, '2020-04-10 17:32:30', '2020-04-10 17:32:30'),
(1223, 11, 245, '2020-04-10 17:32:30', '2020-04-10 17:32:30'),
(1224, 16, 245, '2020-04-10 17:32:30', '2020-04-10 17:32:30'),
(1225, 18, 245, '2020-04-10 17:32:30', '2020-04-10 17:32:30'),
(1226, 1, 246, '2020-04-10 17:32:30', '2020-04-10 17:32:30'),
(1227, 5, 246, '2020-04-10 17:32:30', '2020-04-10 17:32:30'),
(1228, 11, 246, '2020-04-10 17:32:30', '2020-04-10 17:32:30'),
(1229, 15, 246, '2020-04-10 17:32:30', '2020-04-10 17:32:30'),
(1230, 18, 246, '2020-04-10 17:32:30', '2020-04-10 17:32:30'),
(1231, 1, 247, '2020-04-10 17:32:30', '2020-04-10 17:32:30'),
(1232, 5, 247, '2020-04-10 17:32:30', '2020-04-10 17:32:30'),
(1233, 11, 247, '2020-04-10 17:32:30', '2020-04-10 17:32:30'),
(1234, 14, 247, '2020-04-10 17:32:30', '2020-04-10 17:32:30'),
(1235, 18, 247, '2020-04-10 17:32:30', '2020-04-10 17:32:30'),
(1236, 1, 248, '2020-04-10 17:32:30', '2020-04-10 17:32:30'),
(1237, 5, 248, '2020-04-10 17:32:30', '2020-04-10 17:32:30'),
(1238, 11, 248, '2020-04-10 17:32:30', '2020-04-10 17:32:30'),
(1239, 13, 248, '2020-04-10 17:32:30', '2020-04-10 17:32:30'),
(1240, 17, 248, '2020-04-10 17:32:30', '2020-04-10 17:32:30'),
(1241, 1, 249, '2020-04-10 17:32:31', '2020-04-10 17:32:31'),
(1242, 5, 249, '2020-04-10 17:32:31', '2020-04-10 17:32:31'),
(1243, 10, 249, '2020-04-10 17:32:31', '2020-04-10 17:32:31'),
(1244, 16, 249, '2020-04-10 17:32:31', '2020-04-10 17:32:31'),
(1245, 18, 249, '2020-04-10 17:32:31', '2020-04-10 17:32:31'),
(1246, 1, 250, '2020-04-10 17:32:31', '2020-04-10 17:32:31'),
(1247, 5, 250, '2020-04-10 17:32:31', '2020-04-10 17:32:31'),
(1248, 10, 250, '2020-04-10 17:32:31', '2020-04-10 17:32:31'),
(1249, 15, 250, '2020-04-10 17:32:31', '2020-04-10 17:32:31'),
(1250, 18, 250, '2020-04-10 17:32:31', '2020-04-10 17:32:31'),
(1251, 1, 251, '2020-04-10 17:32:31', '2020-04-10 17:32:31'),
(1252, 5, 251, '2020-04-10 17:32:31', '2020-04-10 17:32:31'),
(1253, 10, 251, '2020-04-10 17:32:31', '2020-04-10 17:32:31'),
(1254, 14, 251, '2020-04-10 17:32:31', '2020-04-10 17:32:31'),
(1255, 17, 251, '2020-04-10 17:32:31', '2020-04-10 17:32:31'),
(1256, 1, 252, '2020-04-10 17:32:31', '2020-04-10 17:32:31'),
(1257, 5, 252, '2020-04-10 17:32:31', '2020-04-10 17:32:31'),
(1258, 10, 252, '2020-04-10 17:32:32', '2020-04-10 17:32:32'),
(1259, 13, 252, '2020-04-10 17:32:32', '2020-04-10 17:32:32'),
(1260, 17, 252, '2020-04-10 17:32:32', '2020-04-10 17:32:32'),
(1261, 1, 253, '2020-04-10 17:32:32', '2020-04-10 17:32:32'),
(1262, 5, 253, '2020-04-10 17:32:32', '2020-04-10 17:32:32'),
(1263, 9, 253, '2020-04-10 17:32:32', '2020-04-10 17:32:32'),
(1264, 16, 253, '2020-04-10 17:32:32', '2020-04-10 17:32:32'),
(1265, 17, 253, '2020-04-10 17:32:32', '2020-04-10 17:32:32'),
(1266, 1, 254, '2020-04-10 17:32:32', '2020-04-10 17:32:32'),
(1267, 5, 254, '2020-04-10 17:32:32', '2020-04-10 17:32:32'),
(1268, 9, 254, '2020-04-10 17:32:32', '2020-04-10 17:32:32'),
(1269, 15, 254, '2020-04-10 17:32:32', '2020-04-10 17:32:32'),
(1270, 17, 254, '2020-04-10 17:32:32', '2020-04-10 17:32:32'),
(1271, 1, 255, '2020-04-10 17:32:32', '2020-04-10 17:32:32'),
(1272, 5, 255, '2020-04-10 17:32:32', '2020-04-10 17:32:32'),
(1273, 9, 255, '2020-04-10 17:32:32', '2020-04-10 17:32:32'),
(1274, 14, 255, '2020-04-10 17:32:32', '2020-04-10 17:32:32'),
(1275, 17, 255, '2020-04-10 17:32:33', '2020-04-10 17:32:33'),
(1276, 1, 256, '2020-04-10 17:32:33', '2020-04-10 17:32:33'),
(1277, 5, 256, '2020-04-10 17:32:33', '2020-04-10 17:32:33'),
(1278, 9, 256, '2020-04-10 17:32:33', '2020-04-10 17:32:33'),
(1279, 13, 256, '2020-04-10 17:32:33', '2020-04-10 17:32:33'),
(1280, 17, 256, '2020-04-10 17:32:33', '2020-04-10 17:32:33');

-- --------------------------------------------------------

--
-- Table structure for table `detail_data_input`
--

CREATE TABLE `detail_data_input` (
  `id` int(10) UNSIGNED NOT NULL,
  `data_input_id` int(10) UNSIGNED NOT NULL,
  `variable_id` int(10) UNSIGNED NOT NULL,
  `inputan` varchar(20) COLLATE utf8mb4_unicode_ci NOT NULL,
  `created_at` timestamp NULL DEFAULT NULL,
  `updated_at` timestamp NULL DEFAULT NULL
) ENGINE=InnoDB DEFAULT CHARSET=utf8mb4 COLLATE=utf8mb4_unicode_ci;

--
-- Dumping data for table `detail_data_input`
--

INSERT INTO `detail_data_input` (`id`, `data_input_id`, `variable_id`, `inputan`, `created_at`, `updated_at`) VALUES
(1, 1, 1, '10', '2020-04-21 09:07:18', '2020-04-21 09:07:18'),
(2, 1, 2, '3', '2020-04-21 09:07:18', '2020-04-21 09:07:18'),
(3, 1, 3, '24', '2020-04-21 09:07:19', '2020-04-21 09:07:19'),
(4, 1, 4, '2.5', '2020-04-21 09:07:19', '2020-04-21 09:07:19');

-- --------------------------------------------------------

--
-- Table structure for table `himpunan`
--

CREATE TABLE `himpunan` (
  `id` int(11) NOT NULL,
  `unique_code` varchar(255) COLLATE utf8mb4_unicode_ci NOT NULL,
  `nama_himpunan` varchar(255) COLLATE utf8mb4_unicode_ci NOT NULL,
  `fungsi` varchar(255) COLLATE utf8mb4_unicode_ci DEFAULT NULL,
  `jumlah_titik` int(11) DEFAULT NULL,
  `variable_id` int(10) UNSIGNED NOT NULL,
  `created_at` timestamp NULL DEFAULT NULL,
  `updated_at` timestamp NULL DEFAULT NULL,
  `urutan` int(11) NOT NULL
) ENGINE=InnoDB DEFAULT CHARSET=utf8mb4 COLLATE=utf8mb4_unicode_ci;

--
-- Dumping data for table `himpunan`
--

INSERT INTO `himpunan` (`id`, `unique_code`, `nama_himpunan`, `fungsi`, `jumlah_titik`, `variable_id`, `created_at`, `updated_at`, `urutan`) VALUES
(1, 'kode4571734624111410', 'Sangat Sedikit', 'turun', 2, 1, '2020-04-10 16:14:10', '2020-04-10 16:14:10', 1),
(2, 'kode4629460524111410', 'Sedikit', 'trapesium', 4, 1, '2020-04-10 16:14:10', '2020-04-10 16:14:10', 2),
(3, 'kode6498710394111410', 'Sedang', 'trapesium', 4, 1, '2020-04-10 16:14:10', '2020-04-10 16:14:10', 3),
(4, 'kode4818829974111411', 'Banyak', 'naik', 2, 1, '2020-04-10 16:14:11', '2020-04-10 16:14:11', 4),
(5, 'kode17734300912111617', 'Sangat Sedikit', 'turun', 2, 2, '2020-04-10 16:16:17', '2020-04-10 16:16:17', 1),
(6, 'kode17415245544111617', 'Sedikit', 'trapesium', 2, 2, '2020-04-10 16:16:17', '2020-04-10 16:16:17', 2),
(7, 'kode6038601734111617', 'Sedang', 'trapesium', 4, 2, '2020-04-10 16:16:17', '2020-04-10 16:16:17', 3),
(8, 'kode441260004111618', 'Banyak', 'naik', 4, 2, '2020-04-10 16:16:18', '2020-04-10 16:16:18', 4),
(9, 'kode12838914272112127', 'Sangat Sedikit', 'turun', 2, 3, '2020-04-10 16:21:27', '2020-04-10 16:21:27', 1),
(10, 'kode19389019454112127', 'Sedikit', 'trapesium', 4, 3, '2020-04-10 16:21:27', '2020-04-10 16:21:27', 2),
(11, 'kode4926806914112128', 'Sedang', 'trapesium', 4, 3, '2020-04-10 16:21:28', '2020-04-10 16:21:28', 3),
(12, 'kode17274665164112128', 'Banyak', 'naik', 4, 3, '2020-04-10 16:21:28', '2020-04-10 16:21:28', 4),
(13, 'kode15467105514122441', 'Sangat Rendah', 'trapesium', 4, 4, '2020-04-10 17:24:41', '2020-04-10 17:24:41', 1),
(14, 'kode17547523824122441', 'Rendah', 'trapesium', 4, 4, '2020-04-10 17:24:41', '2020-04-10 17:24:41', 2),
(15, 'kode7608709644122441', 'Sedang', 'trapesium', 4, 4, '2020-04-10 17:24:41', '2020-04-10 17:24:41', 3),
(16, 'kode11298407744122441', 'Tinggi', 'trapesium', 4, 4, '2020-04-10 17:24:41', '2020-04-10 17:24:41', 4),
(17, 'kode4608441334122923', 'Tercemar Berat', 'trapesium', 4, 5, '2020-04-10 17:29:23', '2020-04-10 17:29:23', 1),
(18, 'kode7763704264122924', 'Tercemar Sedang', 'trapesium', 4, 5, '2020-04-10 17:29:24', '2020-04-10 17:29:24', 2),
(19, 'kode849452134122924', 'Tercemar Ringan', 'trapesium', 4, 5, '2020-04-10 17:29:24', '2020-04-10 17:29:24', 3),
(20, 'kode8525831764122924', 'Tidak Tercemar', 'trapesium', 4, 5, '2020-04-10 17:29:24', '2020-04-10 17:29:24', 4);

-- --------------------------------------------------------

--
-- Table structure for table `koordinate_sungai`
--

CREATE TABLE `koordinate_sungai` (
  `id` int(11) NOT NULL,
  `sungai_id` int(10) UNSIGNED NOT NULL,
  `lat_koor_dasar` varchar(30) COLLATE utf8mb4_unicode_ci NOT NULL,
  `lng_koor_dasar` varchar(30) COLLATE utf8mb4_unicode_ci NOT NULL,
  `created_at` timestamp NULL DEFAULT NULL,
  `updated_at` timestamp NULL DEFAULT NULL,
  `id_kel_dasar_sub` varchar(100) COLLATE utf8mb4_unicode_ci NOT NULL,
  `waktu` datetime DEFAULT NULL
) ENGINE=InnoDB DEFAULT CHARSET=utf8mb4 COLLATE=utf8mb4_unicode_ci;

--
-- Dumping data for table `koordinate_sungai`
--

INSERT INTO `koordinate_sungai` (`id`, `sungai_id`, `lat_koor_dasar`, `lng_koor_dasar`, `created_at`, `updated_at`, `id_kel_dasar_sub`, `waktu`) VALUES
(1, 1, '-7.875996964858374', '110.39514991603562', NULL, NULL, 'dasar2018093027093', '2018-09-30 13:52:00'),
(2, 1, '-7.8749513964888145', '110.39546778336262', NULL, NULL, 'dasar2018093027093', '2018-09-30 13:52:00'),
(3, 1, '-7.874546216855859', '110.39540016757087', NULL, NULL, 'dasar2018093027093', '2018-09-30 13:52:00'),
(4, 1, '-7.8736534918070955', '110.39477789507941', NULL, NULL, 'dasar2018093027093', '2018-09-30 13:52:00'),
(5, 1, '-7.873316062493054', '110.39475107298927', NULL, NULL, 'dasar2018093027093', '2018-09-30 13:52:00'),
(6, 1, '-7.872860399636815', '110.39489323006705', NULL, NULL, 'dasar2018093027093', '2018-09-30 13:52:00'),
(7, 1, '-7.872362225386771', '110.39516547428207', NULL, NULL, 'dasar2018093027093', '2018-09-30 13:52:00'),
(8, 1, '-7.872206794898183', '110.39521375404433', NULL, NULL, 'dasar2018093027093', '2018-09-30 13:52:00'),
(9, 1, '-7.872032765820394', '110.39519497858123', NULL, NULL, 'dasar2018093027093', '2018-09-30 13:52:00'),
(10, 1, '-7.87187999214226', '110.39495089756088', NULL, NULL, 'dasar2018093027093', '2018-09-30 13:52:00'),
(11, 1, '-7.871247866423807', '110.39480602040715', NULL, NULL, 'dasar2018093027093', '2018-09-30 13:52:00'),
(12, 1, '-7.870437499518585', '110.39469336762852', NULL, NULL, 'dasar2018093027093', '2018-09-30 13:52:00'),
(13, 1, '-7.86954742256736', '110.39476846948094', NULL, NULL, 'dasar2018093027093', '2018-09-30 13:52:00'),
(14, 1, '-7.869069171475868', '110.39482345476574', NULL, NULL, 'dasar2018093027093', '2018-09-30 13:52:00'),
(15, 1, '-7.868710482795156', '110.3948154081387', NULL, NULL, 'dasar2018093027093', '2018-09-30 13:52:00'),
(16, 1, '-7.868147208092466', '110.39473896518177', NULL, NULL, 'dasar2018093027093', '2018-09-30 13:52:00'),
(17, 1, '-7.867817745175809', '110.394689344315', NULL, NULL, 'dasar2018093027093', '2018-09-30 13:52:01'),
(18, 1, '-7.867257126223926', '110.3945270706696', NULL, NULL, 'dasar2018093027093', '2018-09-30 13:52:01'),
(19, 1, '-7.867040583629616', '110.39446403875775', NULL, NULL, 'dasar2018093027093', '2018-09-30 13:52:01'),
(20, 1, '-7.866669936840769', '110.39447208538479', NULL, NULL, 'dasar2018093027093', '2018-09-30 13:52:01'),
(21, 1, '-7.866280690931656', '110.39452975287861', NULL, NULL, 'dasar2018093027093', '2018-09-30 13:52:01'),
(22, 1, '-7.8657612529889915', '110.39464240565724', NULL, NULL, 'dasar2018093027093', '2018-09-30 13:52:01'),
(23, 1, '-7.865166090556716', '110.39484893575138', NULL, NULL, 'dasar2018093027093', '2018-09-30 13:52:01'),
(24, 1, '-7.864305229098999', '110.39518287077374', NULL, NULL, 'dasar2018093027093', '2018-09-30 13:52:01'),
(25, 1, '-7.863947864790086', '110.39520566955036', NULL, NULL, 'dasar2018093027093', '2018-09-30 13:52:01'),
(26, 1, '-7.863242434711587', '110.39520298734135', NULL, NULL, 'dasar2018093027093', '2018-09-30 13:52:01'),
(54, 1, '-7.863947864790086', '110.39520566955036', NULL, NULL, 'dasar2018093012196', '2018-09-30 14:19:42'),
(55, 1, '-7.863242434711587', '110.39520298734135', NULL, NULL, 'dasar2018093012196', '2018-09-30 14:19:42'),
(56, 1, '-7.863105599736365', '110.39527004256672', NULL, NULL, 'dasar2018093012196', '2018-09-30 14:19:42'),
(57, 1, '-7.8628666811728865', '110.39550049991522', NULL, NULL, 'dasar2018093012196', '2018-09-30 14:19:42'),
(58, 1, '-7.862386501512777', '110.39621422323273', NULL, NULL, 'dasar2018093012196', '2018-09-30 14:19:42'),
(59, 1, '-7.86228354296211', '110.39635094140488', NULL, NULL, 'dasar2018093012196', '2018-09-30 14:19:42'),
(60, 1, '-7.861925468524557', '110.39657133882838', NULL, NULL, 'dasar2018093012196', '2018-09-30 14:19:42'),
(61, 1, '-7.861913938981853', '110.39657361253444', NULL, NULL, 'dasar2018093012196', '2018-09-30 14:19:42'),
(62, 1, '-7.861510075107601', '110.39641770913545', NULL, NULL, 'dasar2018093012196', '2018-09-30 14:19:42'),
(63, 1, '-7.861344012545269', '110.3964096625084', NULL, NULL, 'dasar2018093012196', '2018-09-30 14:19:42'),
(64, 1, '-7.859660798663106', '110.39702832775629', NULL, NULL, 'dasar2018093012196', '2018-09-30 14:19:42'),
(65, 1, '-7.85881055385455', '110.39745748119867', NULL, NULL, 'dasar2018093012196', '2018-09-30 14:19:42'),
(66, 1, '-7.858091280594657', '110.39810947503747', NULL, NULL, 'dasar2018093012196', '2018-09-30 14:19:42'),
(67, 1, '-7.856838993918857', '110.3980772885293', NULL, NULL, 'dasar2018093012196', '2018-09-30 14:19:42'),
(68, 1, '-7.85666894394059', '110.39823285665216', NULL, NULL, 'dasar2018093012196', '2018-09-30 14:19:42'),
(69, 1, '-7.85661580330811', '110.39878539170923', NULL, NULL, 'dasar2018093012196', '2018-09-30 14:19:42'),
(70, 1, '-7.856876192342322', '110.39980463113488', NULL, NULL, 'dasar2018093012196', '2018-09-30 14:19:42'),
(71, 1, '-7.856807109553242', '110.39987436856927', NULL, NULL, 'dasar2018093012196', '2018-09-30 14:19:43'),
(72, 1, '-7.856307587505557', '110.39986900415124', NULL, NULL, 'dasar2018093012196', '2018-09-30 14:19:43'),
(73, 1, '-7.855172294821288', '110.40019600960227', NULL, NULL, 'dasar2018093012196', '2018-09-30 14:19:43'),
(74, 1, '-7.8547896807366', '110.40067344280692', NULL, NULL, 'dasar2018093012196', '2018-09-30 14:19:43'),
(75, 1, '-7.853976020544759', '110.40081828209372', NULL, NULL, 'dasar2018093012196', '2018-09-30 14:19:43'),
(76, 1, '-7.853556206640533', '110.40053933235617', NULL, NULL, 'dasar2018093012196', '2018-09-30 14:19:43'),
(77, 1, '-7.852615609390833', '110.39976149174186', NULL, NULL, 'dasar2018093012196', '2018-09-30 14:19:43'),
(78, 1, '-7.852403044745602', '110.3996971187255', NULL, NULL, 'dasar2018093012196', '2018-09-30 14:19:43'),
(79, 1, '-7.852050800839124', '110.39983122917624', NULL, NULL, 'dasar2018093012196', '2018-09-30 14:19:43'),
(80, 1, '-7.851604414351649', '110.39982586475821', NULL, NULL, 'dasar2018093012196', '2018-09-30 14:19:43'),
(81, 1, '-7.851280252435147', '110.3993038795519', NULL, NULL, 'dasar2018093012196', '2018-09-30 14:19:43'),
(82, 1, '-7.85126431003928', '110.3990356586504', NULL, NULL, 'dasar2018093012196', '2018-09-30 14:19:43'),
(83, 1, '-7.8510623729721045', '110.39873872398573', NULL, NULL, 'dasar2018093012196', '2018-09-30 14:19:43'),
(84, 1, '-7.851067687106706', '110.39835423151726', NULL, NULL, 'dasar2018093012196', '2018-09-30 14:19:43'),
(85, 1, '-7.8511367708503865', '110.39780169646019', NULL, NULL, 'dasar2018093012196', '2018-09-30 14:19:43'),
(86, 1, '-7.850866549160013', '110.39730147505543', NULL, NULL, 'dasar2018093012196', '2018-09-30 14:19:43'),
(87, 1, '-7.850866549160013', '110.39675966883442', NULL, NULL, 'dasar2018093012196', '2018-09-30 14:19:43'),
(88, 1, '-7.8507124391542975', '110.3966470160558', NULL, NULL, 'dasar2018093012196', '2018-09-30 14:19:43'),
(89, 1, '-7.849564583520453', '110.39667383814594', NULL, NULL, 'dasar2018093012196', '2018-09-30 14:19:43'),
(90, 1, '-7.848501564786613', '110.39592225447836', NULL, NULL, 'dasar2018093012196', '2018-09-30 14:19:43'),
(91, 1, '-7.848214599648823', '110.39580423728171', NULL, NULL, 'dasar2018093012196', '2018-09-30 14:19:43'),
(92, 1, '-7.847932948487611', '110.3957666863555', NULL, NULL, 'dasar2018093012196', '2018-09-30 14:19:43'),
(93, 1, '-7.847624726243443', '110.39606172934714', NULL, NULL, 'dasar2018093012196', '2018-09-30 14:19:43'),
(94, 1, '-7.847502500117826', '110.39638895884696', NULL, NULL, 'dasar2018093012196', '2018-09-30 14:19:43'),
(95, 1, '-7.847337760500343', '110.3965230692977', NULL, NULL, 'dasar2018093012196', '2018-09-30 14:19:43'),
(96, 1, '-7.847109250600268', '110.39655525580588', NULL, NULL, 'dasar2018093012196', '2018-09-30 14:19:43'),
(97, 1, '-7.846338693034615', '110.39635140792075', NULL, NULL, 'dasar2018093012196', '2018-09-30 14:19:44'),
(98, 1, '-7.845690360735154', '110.39631922141257', NULL, NULL, 'dasar2018093012196', '2018-09-30 14:19:44'),
(99, 1, '-7.843985383757804', '110.39551307270062', NULL, NULL, 'dasar2018093012196', '2018-09-30 14:19:44'),
(100, 1, '-7.84202147685121', '110.39562036106122', NULL, NULL, 'dasar2018093012196', '2018-09-30 14:19:44'),
(101, 1, '-7.841936448839334', '110.39623190471661', NULL, NULL, 'dasar2018093012196', '2018-09-30 14:19:44'),
(102, 1, '-7.8409267398699365', '110.39611388751996', NULL, NULL, 'dasar2018093012196', '2018-09-30 14:19:44'),
(103, 1, '-7.8391158738057545', '110.39536509521838', NULL, NULL, 'dasar2018093012196', '2018-09-30 14:19:44'),
(104, 1, '-7.838414387289665', '110.39630923279162', NULL, NULL, 'dasar2018093012196', '2018-09-30 14:19:44'),
(105, 1, '-7.837999871974393', '110.3970066071355', NULL, NULL, 'dasar2018093012196', '2018-09-30 14:19:44'),
(106, 1, '-7.837362155298645', '110.39658818252917', NULL, NULL, 'dasar2018093012196', '2018-09-30 14:19:44'),
(107, 1, '-7.837457812862303', '110.39614830025073', NULL, NULL, 'dasar2018093012196', '2018-09-30 14:19:44'),
(108, 1, '-7.837192097353444', '110.39521489151355', NULL, NULL, 'dasar2018093012196', '2018-09-30 14:19:44'),
(109, 1, '-7.836288663354639', '110.39480719574328', NULL, NULL, 'dasar2018093012196', '2018-09-30 14:19:44'),
(110, 1, '-7.835255109611571', '110.39500031479236', NULL, NULL, 'dasar2018093012196', '2018-09-30 14:19:44'),
(111, 1, '-7.834521730514975', '110.39496812828418', NULL, NULL, 'dasar2018093012196', '2018-09-30 14:19:44'),
(112, 1, '-7.8335651471435375', '110.39508614548083', NULL, NULL, 'dasar2018093012196', '2018-09-30 14:19:44'),
(113, 1, '-7.833182513179733', '110.39595518120166', NULL, NULL, 'dasar2018093012196', '2018-09-30 14:19:44'),
(114, 1, '-7.832194040479474', '110.3954401970708', NULL, NULL, 'dasar2018093012196', '2018-09-30 14:19:44'),
(115, 1, '-7.830631611104548', '110.39388451584216', NULL, NULL, 'dasar2018093012196', '2018-09-30 14:19:44'),
(116, 1, '-7.829318265500068', '110.39308452325895', NULL, NULL, 'dasar2018093012196', '2018-09-30 14:19:44'),
(117, 1, '-7.828372299028585', '110.39369606691434', NULL, NULL, 'dasar2018093012196', '2018-09-30 14:19:44'),
(118, 1, '-7.827011804158707', '110.39362096506193', NULL, NULL, 'dasar2018093012196', '2018-09-30 14:19:44'),
(119, 1, '-7.8263421839591585', '110.3933634729965', NULL, NULL, 'dasar2018093012196', '2018-09-30 14:19:44'),
(120, 1, '-7.824896947007173', '110.39342233218622', NULL, NULL, 'dasar2018093012196', '2018-09-30 14:19:44'),
(121, 1, '-7.824365499796375', '110.3937978414483', NULL, NULL, 'dasar2018093012196', '2018-09-30 14:19:44'),
(122, 1, '-7.823802165013378', '110.39398023166132', NULL, NULL, 'dasar2018093012196', '2018-09-30 14:19:45'),
(123, 1, '-7.823387635158684', '110.39445230044794', NULL, NULL, 'dasar2018093012196', '2018-09-30 14:19:45'),
(124, 1, '-7.821357495817362', '110.39438792743158', NULL, NULL, 'dasar2018093012196', '2018-09-30 14:19:45'),
(125, 1, '-7.820176076810389', '110.39362618007135', NULL, NULL, 'dasar2018093012196', '2018-09-30 14:19:45'),
(126, 1, '-7.819899721217126', '110.39383002795648', NULL, NULL, 'dasar2018093012196', '2018-09-30 14:19:45'),
(127, 1, '-7.8194426711803855', '110.39436646975946', NULL, NULL, 'dasar2018093012196', '2018-09-30 14:19:45'),
(128, 1, '-7.8185923441983824', '110.39453813113641', NULL, NULL, 'dasar2018093012196', '2018-09-30 14:19:45'),
(129, 1, '-7.818120413372424', '110.39387906636443', NULL, NULL, 'dasar2018093012196', '2018-09-30 14:19:45'),
(130, 1, '-7.8170172356167456', '110.39404312284876', NULL, NULL, 'dasar2018093012196', '2018-09-30 14:19:45'),
(131, 1, '-7.816560182422795', '110.39348522337366', NULL, NULL, 'dasar2018093012196', '2018-09-30 14:19:45'),
(132, 1, '-7.816229076940821', '110.39234152451559', NULL, NULL, 'dasar2018093012196', '2018-09-30 14:19:45'),
(133, 1, '-7.815684332222604', '110.39195796862646', NULL, NULL, 'dasar2018093012196', '2018-09-30 14:19:45'),
(134, 1, '-7.815112654000521', '110.39206032762763', NULL, NULL, 'dasar2018093012196', '2018-09-30 14:19:45'),
(135, 1, '-7.8149957329301545', '110.39299641857383', NULL, NULL, 'dasar2018093012196', '2018-09-30 14:19:45'),
(136, 1, '-7.81423739947573', '110.39334466747596', NULL, NULL, 'dasar2018093012196', '2018-09-30 14:19:45'),
(137, 1, '-7.813549157625045', '110.39337685398414', NULL, NULL, 'dasar2018093012196', '2018-09-30 14:19:45'),
(138, 1, '-7.812613957249073', '110.39379456448228', NULL, NULL, 'dasar2018093012196', '2018-09-30 14:19:45'),
(139, 1, '-7.811986831008242', '110.39434709953935', NULL, NULL, 'dasar2018093012196', '2018-09-30 14:19:45'),
(140, 1, '-7.811279984201111', '110.39450803208024', NULL, NULL, 'dasar2018093012196', '2018-09-30 14:19:45'),
(141, 1, '-7.810707762616119', '110.39439058301718', NULL, NULL, 'dasar2018093012196', '2018-09-30 14:19:45'),
(142, 1, '-7.809724551315098', '110.3943396210459', NULL, NULL, 'dasar2018093012196', '2018-09-30 14:19:45'),
(143, 1, '-7.809325951479752', '110.39478486774237', NULL, NULL, 'dasar2018093012196', '2018-09-30 14:19:45'),
(144, 1, '-7.809077939073489', '110.3949162959841', NULL, NULL, 'dasar2018093012196', '2018-09-30 14:19:45'),
(145, 1, '-7.8078761058130555', '110.39642289842959', NULL, NULL, 'dasar2018093012196', '2018-09-30 14:19:45'),
(146, 1, '-7.807166594703168', '110.39618149961825', NULL, NULL, 'dasar2018093012196', '2018-09-30 14:19:45'),
(147, 1, '-7.805285188624543', '110.3963880297124', NULL, NULL, 'dasar2018093012196', '2018-09-30 14:19:46'),
(148, 1, '-7.803573845796973', '110.39669916595813', NULL, NULL, 'dasar2018093012196', '2018-09-30 14:19:46'),
(149, 1, '-7.802904188000938', '110.39741799797412', NULL, NULL, 'dasar2018093012196', '2018-09-30 14:19:46'),
(150, 1, '-7.801966863950097', '110.39756624893698', NULL, NULL, 'dasar2018093012196', '2018-09-30 14:19:46'),
(151, 1, '-7.8016692372515255', '110.39778082565817', NULL, NULL, 'dasar2018093012196', '2018-09-30 14:19:46'),
(152, 1, '-7.801594499513559', '110.39837345312185', NULL, NULL, 'dasar2018093012196', '2018-09-30 14:19:46'),
(153, 1, '-7.800119551703174', '110.3986336273963', NULL, NULL, 'dasar2018093012196', '2018-09-30 14:19:46'),
(154, 1, '-7.799061908338225', '110.39782896469183', NULL, NULL, 'dasar2018093012196', '2018-09-30 14:19:46'),
(155, 1, '-7.798027996344359', '110.39772704074926', NULL, NULL, 'dasar2018093012196', '2018-09-30 14:19:46'),
(156, 1, '-7.797289237014188', '110.39712622592992', NULL, NULL, 'dasar2018093012196', '2018-09-30 14:19:46'),
(157, 1, '-7.795785140246124', '110.3963644785697', NULL, NULL, 'dasar2018093012196', '2018-09-30 14:19:46'),
(158, 1, '-7.794921509525844', '110.39627328346319', NULL, NULL, 'dasar2018093012196', '2018-09-30 14:19:46'),
(159, 1, '-7.794581358982001', '110.39589240978307', NULL, NULL, 'dasar2018093012196', '2018-09-30 14:19:46'),
(160, 1, '-7.792242816510722', '110.39583876560278', NULL, NULL, 'dasar2018093012196', '2018-09-30 14:19:46'),
(161, 1, '-7.791806995787923', '110.39623573253698', NULL, NULL, 'dasar2018093012196', '2018-09-30 14:19:46'),
(162, 1, '-7.791052280780408', '110.39589240978307', NULL, NULL, 'dasar2018093012196', '2018-09-30 14:19:46'),
(163, 1, '-7.790081736454143', '110.39727838662714', NULL, NULL, 'dasar2018093012196', '2018-09-30 14:19:46'),
(164, 1, '-7.789199460211504', '110.39739640382379', NULL, NULL, 'dasar2018093012196', '2018-09-30 14:19:46'),
(165, 1, '-7.7884660002336705', '110.3970208945617', NULL, NULL, 'dasar2018093012196', '2018-09-30 14:19:46'),
(166, 1, '-7.786669549356201', '110.39688141969293', NULL, NULL, 'dasar2018093012196', '2018-09-30 14:19:46'),
(167, 1, '-7.7844237697282725', '110.39630109943994', NULL, NULL, 'dasar2018093012196', '2018-09-30 14:19:46'),
(168, 1, '-7.782669110248248', '110.39687001492439', NULL, NULL, 'dasar2018093012196', '2018-09-30 14:19:46'),
(169, 1, '-7.7821801294522714', '110.39736354138313', NULL, NULL, 'dasar2018093012196', '2018-09-30 14:19:46'),
(170, 1, '-7.781120037466833', '110.39771075916951', NULL, NULL, 'dasar2018093012196', '2018-09-30 14:19:46'),
(171, 1, '-7.779897579891158', '110.39786096287435', NULL, NULL, 'dasar2018093012196', '2018-09-30 14:19:46'),
(172, 1, '-7.7789302413709', '110.39839740467733', NULL, NULL, 'dasar2018093012196', '2018-09-30 14:19:46'),
(173, 1, '-7.777659797034007', '110.3991005817503', NULL, NULL, 'dasar2018093012196', '2018-09-30 14:19:46'),
(174, 1, '-7.776501110382556', '110.39929370079938', NULL, NULL, 'dasar2018093012196', '2018-09-30 14:19:46'),
(175, 1, '-7.776008797232623', '110.3987572589964', NULL, NULL, 'dasar2018093012196', '2018-09-30 14:19:46'),
(176, 1, '-7.775321294780141', '110.39842815699365', NULL, NULL, 'dasar2018093012196', '2018-09-30 14:19:46'),
(177, 1, '-7.774832305417773', '110.39850325884606', NULL, NULL, 'dasar2018093012196', '2018-09-30 14:19:47'),
(178, 1, '-7.774828964038267', '110.39866588804239', NULL, NULL, 'dasar2018093012196', '2018-09-30 14:19:47'),
(179, 1, '-7.773457766075733', '110.39890092445398', NULL, NULL, 'dasar2018093012196', '2018-09-30 14:19:47'),
(180, 1, '-7.772974519160812', '110.3992923102337', NULL, NULL, 'dasar2018093012196', '2018-09-30 14:19:47'),
(181, 1, '-7.772336703269506', '110.39933522557794', NULL, NULL, 'dasar2018093012196', '2018-09-30 14:19:47'),
(182, 1, '-7.771834793959473', '110.399160305147', NULL, NULL, 'dasar2018093012196', '2018-09-30 14:19:47'),
(183, 1, '-7.77113319452092', '110.39934805977805', NULL, NULL, 'dasar2018093012196', '2018-09-30 14:19:47'),
(184, 1, '-7.770649515437329', '110.39960018742545', NULL, NULL, 'dasar2018093012196', '2018-09-30 14:19:47'),
(185, 1, '-7.769844923276037', '110.39917530993637', NULL, NULL, 'dasar2018093012196', '2018-09-30 14:19:47'),
(186, 1, '-7.76896260445927', '110.39922358969864', NULL, NULL, 'dasar2018093012196', '2018-09-30 14:19:47'),
(187, 1, '-7.768361988782603', '110.39892318228897', NULL, NULL, 'dasar2018093012196', '2018-09-30 14:19:47'),
(188, 1, '-7.767896230828554', '110.39892647143847', NULL, NULL, 'dasar2018093012196', '2018-09-30 14:19:47'),
(189, 1, '-7.7676372661604', '110.39884356081473', NULL, NULL, 'dasar2018093012196', '2018-09-30 14:19:47'),
(190, 1, '-7.7656939085846215', '110.39863329851414', NULL, NULL, 'dasar2018093012196', '2018-09-30 14:19:47'),
(191, 1, '-7.764880679055024', '110.39902728528887', NULL, NULL, 'dasar2018093012196', '2018-09-30 14:19:47'),
(192, 1, '-7.763668804678834', '110.39980512590319', NULL, NULL, 'dasar2018093012196', '2018-09-30 14:19:47'),
(193, 1, '-7.76284664412299', '110.40037306655006', NULL, NULL, 'dasar2018093012196', '2018-09-30 14:19:47'),
(194, 1, '-7.762378901285957', '110.40052863467292', NULL, NULL, 'dasar2018093012196', '2018-09-30 14:19:47'),
(195, 1, '-7.7618898968543375', '110.40066274512367', NULL, NULL, 'dasar2018093012196', '2018-09-30 14:19:47'),
(196, 1, '-7.76148245871407', '110.4008665930088', NULL, NULL, 'dasar2018093012196', '2018-09-30 14:19:47'),
(197, 1, '-7.7602174216452', '110.40103288996772', NULL, NULL, 'dasar2018093012196', '2018-09-30 14:19:47'),
(198, 1, '-7.760102718633235', '110.40101314504375', NULL, NULL, 'dasar2018093012196', '2018-09-30 14:19:47'),
(199, 1, '-7.759948575158759', '110.4010399671339', NULL, NULL, 'dasar2018093012196', '2018-09-30 14:19:47'),
(200, 1, '-7.75964560333734', '110.40149594266643', NULL, NULL, 'dasar2018093012196', '2018-09-30 14:19:48'),
(201, 1, '-7.758739248035609', '110.40184716644058', NULL, NULL, 'dasar2018093012196', '2018-09-30 14:19:48'),
(202, 1, '-7.758252897028055', '110.40193299712905', NULL, NULL, 'dasar2018093012196', '2018-09-30 14:19:48'),
(203, 1, '-7.757538733689296', '110.40224869668134', NULL, NULL, 'dasar2018093012196', '2018-09-30 14:19:48'),
(204, 1, '-7.75679805519635', '110.40273337796134', NULL, NULL, 'dasar2018093012196', '2018-09-30 14:19:48'),
(205, 1, '-7.755676518434473', '110.40300696328086', NULL, NULL, 'dasar2018093012196', '2018-09-30 14:19:48'),
(206, 1, '-7.755235344386454', '110.40336101487082', NULL, NULL, 'dasar2018093012196', '2018-09-30 14:19:48'),
(207, 1, '-7.754719754852503', '110.40358632042808', NULL, NULL, 'dasar2018093012196', '2018-09-30 14:19:48'),
(208, 1, '-7.753858665768517', '110.4035541339199', NULL, NULL, 'dasar2018093012196', '2018-09-30 14:19:48'),
(209, 1, '-7.753460012818061', '110.4033395571987', NULL, NULL, 'dasar2018093012196', '2018-09-30 14:19:48'),
(210, 1, '-7.750828893874238', '110.40266900494498', NULL, NULL, 'dasar2018093012196', '2018-09-30 14:19:48'),
(211, 1, '-7.750196359797145', '110.40236859753531', NULL, NULL, 'dasar2018093012196', '2018-09-30 14:19:48'),
(212, 1, '-7.749260845470326', '110.40172486737174', NULL, NULL, 'dasar2018093012196', '2018-09-30 14:19:48'),
(213, 1, '-7.748416767164697', '110.40177059492544', NULL, NULL, 'dasar2018093012196', '2018-09-30 14:19:48'),
(214, 1, '-7.747843396026126', '110.4017451139398', NULL, NULL, 'dasar2018093012196', '2018-09-30 14:19:48'),
(215, 1, '-7.747657355371185', '110.4017987581201', NULL, NULL, 'dasar2018093012196', '2018-09-30 14:19:48'),
(216, 1, '-7.7471285419402145', '110.40207364719186', NULL, NULL, 'dasar2018093012196', '2018-09-30 14:19:48'),
(217, 1, '-7.746772406295784', '110.40208705823693', NULL, NULL, 'dasar2018093012196', '2018-09-30 14:19:48'),
(218, 1, '-7.7464561363292175', '110.40220507543359', NULL, NULL, 'dasar2018093012196', '2018-09-30 14:19:48'),
(219, 1, '-7.746092026913975', '110.40221043985161', NULL, NULL, 'dasar2018093012196', '2018-09-30 14:19:48'),
(220, 1, '-7.745834226626738', '110.40226944844994', NULL, NULL, 'dasar2018093012196', '2018-09-30 14:19:48'),
(221, 1, '-7.745121952848023', '110.40232577483926', NULL, NULL, 'dasar2018093012196', '2018-09-30 14:19:48'),
(222, 1, '-7.744244897660113', '110.40224799077782', NULL, NULL, 'dasar2018093012196', '2018-09-30 14:19:48'),
(223, 1, '-7.744018989209946', '110.40225067298684', NULL, NULL, 'dasar2018093012196', '2018-09-30 14:19:48'),
(224, 1, '-7.743471492934094', '110.4021165625361', NULL, NULL, 'dasar2018093012196', '2018-09-30 14:19:48'),
(225, 1, '-7.74289476065083', '110.40212460916314', NULL, NULL, 'dasar2018093012196', '2018-09-30 14:19:48'),
(226, 1, '-7.742308198006188', '110.40239470344056', NULL, NULL, 'dasar2018093012196', '2018-09-30 14:19:48'),
(227, 1, '-7.741824485777032', '110.40237592797746', NULL, NULL, 'dasar2018093012196', '2018-09-30 14:19:48'),
(228, 1, '-7.741099027146514', '110.40260659795274', NULL, NULL, 'dasar2018093012196', '2018-09-30 14:19:49'),
(229, 1, '-7.740918299046914', '110.40262537341584', NULL, NULL, 'dasar2018093012196', '2018-09-30 14:19:49'),
(230, 1, '-7.740307012253386', '110.40255563598146', NULL, NULL, 'dasar2018093012196', '2018-09-30 14:19:49'),
(231, 1, '-7.739432604820876', '110.40210502486696', NULL, NULL, 'dasar2018093012196', '2018-09-30 14:19:49'),
(232, 1, '-7.738730951344635', '110.40210770707597', NULL, NULL, 'dasar2018093012196', '2018-09-30 14:19:49'),
(233, 1, '-7.738497066593054', '110.40207283835878', NULL, NULL, 'dasar2018093012196', '2018-09-30 14:19:49'),
(234, 1, '-7.737213355930556', '110.40172146897783', NULL, NULL, 'dasar2018093012196', '2018-09-30 14:19:49'),
(235, 1, '-7.736535618911441', '110.40161954503526', NULL, NULL, 'dasar2018093012196', '2018-09-30 14:19:49'),
(236, 1, '-7.73598371438376', '110.40172634343264', NULL, NULL, 'dasar2018093012196', '2018-09-30 14:19:49'),
(237, 1, '-7.735473416888752', '110.40168879250643', NULL, NULL, 'dasar2018093012196', '2018-09-30 14:19:49'),
(238, 1, '-7.735114613592934', '110.40176925877688', NULL, NULL, 'dasar2018093012196', '2018-09-30 14:19:49'),
(239, 1, '-7.734380161604244', '110.4014241419809', NULL, NULL, 'dasar2018093012196', '2018-09-30 14:19:49'),
(240, 1, '-7.734138301011542', '110.40135440454651', NULL, NULL, 'dasar2018093012196', '2018-09-30 14:19:49'),
(241, 1, '-7.733609396594913', '110.40131148920227', NULL, NULL, 'dasar2018093012196', '2018-09-30 14:19:49'),
(242, 1, '-7.732913049065406', '110.40105667934586', NULL, NULL, 'dasar2018093012196', '2018-09-30 14:19:49'),
(243, 1, '-7.732746686020259', '110.4010647259729', NULL, NULL, 'dasar2018093012196', '2018-09-30 14:19:49'),
(244, 1, '-7.732334723992087', '110.40127930269409', NULL, NULL, 'dasar2018093012196', '2018-09-30 14:19:49'),
(245, 1, '-7.731864289442238', '110.4013168536203', NULL, NULL, 'dasar2018093012196', '2018-09-30 14:19:49'),
(246, 1, '-7.731107381016663', '110.40172441617119', NULL, NULL, 'dasar2018093012196', '2018-09-30 14:19:49'),
(247, 1, '-7.730130102483662', '110.40210325814769', NULL, NULL, 'dasar2018093012196', '2018-09-30 14:19:49'),
(248, 1, '-7.729890897291256', '110.40226955510661', NULL, NULL, 'dasar2018093012196', '2018-09-30 14:19:49'),
(249, 1, '-7.729231753393053', '110.40249217845485', NULL, NULL, 'dasar2018093012196', '2018-09-30 14:19:49'),
(250, 1, '-7.728861394583674', '110.40250814226124', NULL, NULL, 'dasar2018093012196', '2018-09-30 14:19:49'),
(251, 1, '-7.7285600092911215', '110.40244674965061', NULL, NULL, 'dasar2018093012196', '2018-09-30 14:19:49'),
(252, 1, '-7.727810496447661', '110.4023555545441', NULL, NULL, 'dasar2018093012196', '2018-09-30 14:19:49'),
(253, 1, '-7.727324109741649', '110.40232202693142', NULL, NULL, 'dasar2018093012196', '2018-09-30 14:19:49'),
(254, 1, '-7.727224378779857', '110.40227849250743', NULL, NULL, 'dasar2018093012196', '2018-09-30 14:19:49'),
(255, 1, '-7.7269918503592825', '110.40198652666106', NULL, NULL, 'dasar2018093012196', '2018-09-30 14:19:49'),
(256, 1, '-7.7268970613056345', '110.40193543184932', NULL, NULL, 'dasar2018093012196', '2018-09-30 14:19:50'),
(257, 1, '-7.726810681006982', '110.40193677295383', NULL, NULL, 'dasar2018093012196', '2018-09-30 14:19:50'),
(258, 1, '-7.726604351450373', '110.4021299501469', NULL, NULL, 'dasar2018093012196', '2018-09-30 14:19:50'),
(259, 1, '-7.72648674126557', '110.4021748771479', NULL, NULL, 'dasar2018093012196', '2018-09-30 14:19:50'),
(260, 1, '-7.726161818042392', '110.40208904645942', NULL, NULL, 'dasar2018093012196', '2018-09-30 14:19:50'),
(261, 1, '-7.726069457407763', '110.40212190351986', NULL, NULL, 'dasar2018093012196', '2018-09-30 14:19:50'),
(262, 1, '-7.72599968856964', '110.40222047470115', NULL, NULL, 'dasar2018093012196', '2018-09-30 14:19:50'),
(263, 1, '-7.7260349052227015', '110.40251015327476', NULL, NULL, 'dasar2018093012196', '2018-09-30 14:19:50'),
(264, 1, '-7.726034240757578', '110.40259799562', NULL, NULL, 'dasar2018093012196', '2018-09-30 14:19:50'),
(265, 1, '-7.725926904184064', '110.40267095669037', NULL, NULL, 'dasar2018093012196', '2018-09-30 14:19:50'),
(266, 1, '-7.725655802256978', '110.40272728307968', NULL, NULL, 'dasar2018093012196', '2018-09-30 14:19:50'),
(267, 1, '-7.7255647704434125', '110.40280439658886', NULL, NULL, 'dasar2018093012196', '2018-09-30 14:19:50'),
(268, 1, '-7.725468422882145', '110.4028660873962', NULL, NULL, 'dasar2018093012196', '2018-09-30 14:19:50'),
(269, 1, '-7.725221905918394', '110.40287279291874', NULL, NULL, 'dasar2018093012196', '2018-09-30 14:19:50'),
(270, 1, '-7.72469697713348', '110.40262737079388', NULL, NULL, 'dasar2018093012196', '2018-09-30 14:19:50'),
(271, 1, '-7.724543485175631', '110.40258981986767', NULL, NULL, 'dasar2018093012196', '2018-09-30 14:19:50'),
(272, 1, '-7.7241760345045165', '110.40275678737885', NULL, NULL, 'dasar2018093012196', '2018-09-30 14:19:50'),
(273, 1, '-7.723836491195164', '110.40287681623226', NULL, NULL, 'dasar2018093012196', '2018-09-30 14:19:50'),
(274, 1, '-7.723752768145447', '110.40290833218819', NULL, NULL, 'dasar2018093012196', '2018-09-30 14:19:50'),
(275, 1, '-7.723507579118656', '110.40296801133877', NULL, NULL, 'dasar2018093012196', '2018-09-30 14:19:50'),
(276, 1, '-7.723270363583309', '110.40324068013888', NULL, NULL, 'dasar2018093012196', '2018-09-30 14:19:50'),
(277, 1, '-7.723152752470178', '110.40330304149848', NULL, NULL, 'dasar2018093012196', '2018-09-30 14:19:50'),
(278, 1, '-7.7230501463683785', '110.40330304149848', NULL, NULL, 'dasar2018093012196', '2018-09-30 14:19:50'),
(279, 1, '-7.7227258051704855', '110.40315051605171', NULL, NULL, 'dasar2018093012196', '2018-09-30 14:19:50'),
(280, 1, '-7.722556365202442', '110.40306535591549', NULL, NULL, 'dasar2018093012196', '2018-09-30 14:19:50'),
(281, 1, '-7.72244539859831', '110.40302914609379', NULL, NULL, 'dasar2018093012196', '2018-09-30 14:19:50'),
(282, 1, '-7.722341920324983', '110.40306648417709', NULL, NULL, 'dasar2018093012196', '2018-09-30 14:19:50'),
(283, 1, '-7.722220986597798', '110.40318248971698', NULL, NULL, 'dasar2018093012196', '2018-09-30 14:19:50'),
(284, 1, '-7.722118658032382', '110.40332196458576', NULL, NULL, 'dasar2018093012196', '2018-09-30 14:19:50'),
(285, 1, '-7.721850211548173', '110.40329514249561', NULL, NULL, 'dasar2018093012196', '2018-09-30 14:19:51'),
(286, 1, '-7.721336468240388', '110.40339438422916', NULL, NULL, 'dasar2018093012196', '2018-09-30 14:19:51'),
(287, 1, '-7.721109088514875', '110.4035480456987', NULL, NULL, 'dasar2018093012196', '2018-09-30 14:19:51'),
(288, 1, '-7.720918394432857', '110.40366472179085', NULL, NULL, 'dasar2018093012196', '2018-09-30 14:19:51'),
(289, 1, '-7.720772210309766', '110.40370093161255', NULL, NULL, 'dasar2018093012196', '2018-09-30 14:19:51'),
(290, 1, '-7.7203810059423015', '110.40379212671905', NULL, NULL, 'dasar2018093012196', '2018-09-30 14:19:51'),
(291, 1, '-7.720311236164784', '110.40379883224159', NULL, NULL, 'dasar2018093012196', '2018-09-30 14:19:51'),
(292, 1, '-7.720230834787831', '110.40373848253876', NULL, NULL, 'dasar2018093012196', '2018-09-30 14:19:51'),
(293, 1, '-7.720104584660943', '110.4034407573381', NULL, NULL, 'dasar2018093012196', '2018-09-30 14:19:51'),
(294, 1, '-7.7199202283242645', '110.4033059763351', NULL, NULL, 'dasar2018093012196', '2018-09-30 14:19:51'),
(295, 1, '-7.719667063372066', '110.40327244872242', NULL, NULL, 'dasar2018093012196', '2018-09-30 14:19:51'),
(296, 1, '-7.719430510156329', '110.40323892110973', NULL, NULL, 'dasar2018093012196', '2018-09-30 14:19:51'),
(297, 1, '-7.719278345236919', '110.40321008736282', NULL, NULL, 'dasar2018093012196', '2018-09-30 14:19:51'),
(298, 1, '-7.719126450139205', '110.40321545178085', NULL, NULL, 'dasar2018093012196', '2018-09-30 14:19:51'),
(299, 1, '-7.719007508920436', '110.4032771425882', NULL, NULL, 'dasar2018093012196', '2018-09-30 14:19:51'),
(300, 1, '-7.718790599171531', '110.40361210118317', NULL, NULL, 'dasar2018093012196', '2018-09-30 14:19:51'),
(301, 1, '-7.71871950017823', '110.40368720303559', NULL, NULL, 'dasar2018093012196', '2018-09-30 14:19:51'),
(302, 1, '-7.718500747995242', '110.40371335457348', NULL, NULL, 'dasar2018093012196', '2018-09-30 14:19:52'),
(303, 1, '-7.718429589224013', '110.40374067715629', NULL, NULL, 'dasar2018093012196', '2018-09-30 14:19:52'),
(304, 1, '-7.71841297729659', '110.40392373792156', NULL, NULL, 'dasar2018093012196', '2018-09-30 14:19:52'),
(305, 1, '-7.718461484122864', '110.40442128769382', NULL, NULL, 'dasar2018093012196', '2018-09-30 14:19:52'),
(306, 1, '-7.7184495235360835', '110.40448901347145', NULL, NULL, 'dasar2018093012196', '2018-09-30 14:19:52'),
(307, 1, '-7.717903715450032', '110.40465666758405', NULL, NULL, 'dasar2018093012196', '2018-09-30 14:19:52'),
(308, 1, '-7.717624634635322', '110.40461425423734', NULL, NULL, 'dasar2018093012196', '2018-09-30 14:19:52'),
(309, 1, '-7.717491738944522', '110.40454317569845', NULL, NULL, 'dasar2018093012196', '2018-09-30 14:19:52'),
(310, 1, '-7.717107670163292', '110.40443186402433', NULL, NULL, 'dasar2018093012196', '2018-09-30 14:19:52'),
(311, 1, '-7.7166451924135915', '110.40440504193418', NULL, NULL, 'dasar2018093012196', '2018-09-30 14:19:52'),
(312, 1, '-7.7160883579001265', '110.40430580020063', NULL, NULL, 'dasar2018093012196', '2018-09-30 14:19:52'),
(313, 1, '-7.715539496433007', '110.40416498422735', NULL, NULL, 'dasar2018093012196', '2018-09-30 14:19:52'),
(314, 1, '-7.715056942471577', '110.40410733699582', NULL, NULL, 'dasar2018093012196', '2018-09-30 14:19:52'),
(315, 1, '-7.71481374184895', '110.40414220571301', NULL, NULL, 'dasar2018093012196', '2018-09-30 14:19:52'),
(316, 1, '-7.714409723312071', '110.4038337516763', NULL, NULL, 'dasar2018093012196', '2018-09-30 14:19:52'),
(317, 1, '-7.7142436024291285', '110.40375194430135', NULL, NULL, 'dasar2018093012196', '2018-09-30 14:19:52'),
(318, 1, '-7.713739923513279', '110.40359101176045', NULL, NULL, 'dasar2018093012196', '2018-09-30 14:19:52'),
(319, 1, '-7.713540094813513', '110.40363503547064', NULL, NULL, 'dasar2018093012196', '2018-09-30 14:19:52'),
(320, 1, '-7.713161338326552', '110.40350494833342', NULL, NULL, 'dasar2018093012196', '2018-09-30 14:19:52'),
(321, 1, '-7.712721448787995', '110.4034124121224', NULL, NULL, 'dasar2018093012196', '2018-09-30 14:19:52'),
(322, 1, '-7.712299220845515', '110.40354717779951', NULL, NULL, 'dasar2018093012196', '2018-09-30 14:19:52'),
(323, 1, '-7.7121663234813616', '110.40357802320318', NULL, NULL, 'dasar2018093012196', '2018-09-30 14:19:52'),
(324, 1, '-7.7120972168355', '110.4036343495925', NULL, NULL, 'dasar2018093012196', '2018-09-30 14:19:52'),
(325, 1, '-7.71207329530161', '110.4040863018115', NULL, NULL, 'dasar2018093012196', '2018-09-30 14:19:52'),
(326, 1, '-7.711838192614259', '110.40417213249998', NULL, NULL, 'dasar2018093012196', '2018-09-30 14:19:52'),
(327, 1, '-7.711581700384497', '110.40452886629896', NULL, NULL, 'dasar2018093012196', '2018-09-30 14:19:52'),
(328, 1, '-7.711490001052184', '110.40458787489729', NULL, NULL, 'dasar2018093012196', '2018-09-30 14:19:52'),
(329, 1, '-7.7113624193393875', '110.40461335588293', NULL, NULL, 'dasar2018093012196', '2018-09-30 14:19:53'),
(330, 1, '-7.71111257170707', '110.40485877800779', NULL, NULL, 'dasar2018093012196', '2018-09-30 14:19:53'),
(331, 1, '-7.7109191637362136', '110.40498897529585', NULL, NULL, 'dasar2018093012196', '2018-09-30 14:19:53'),
(332, 1, '-7.710551036734509', '110.40503054953558', NULL, NULL, 'dasar2018093012196', '2018-09-30 14:19:53'),
(333, 1, '-7.710333780847774', '110.40532559252722', NULL, NULL, 'dasar2018093012196', '2018-09-30 14:19:53'),
(334, 1, '-7.7102261334860165', '110.40538057781202', NULL, NULL, 'dasar2018093012196', '2018-09-30 14:19:53'),
(335, 1, '-7.7101384208006305', '110.40535375572188', NULL, NULL, 'dasar2018093012196', '2018-09-30 14:19:53'),
(336, 1, '-7.710048050136066', '110.4051780710314', NULL, NULL, 'dasar2018093012196', '2018-09-30 14:19:53'),
(337, 1, '-7.709994890912607', '110.405105651388', NULL, NULL, 'dasar2018093012196', '2018-09-30 14:19:53'),
(338, 1, '-7.709812820521645', '110.40505334831221', NULL, NULL, 'dasar2018093012196', '2018-09-30 14:19:53'),
(339, 1, '-7.709570945866539', '110.40510431028349', NULL, NULL, 'dasar2018093012196', '2018-09-30 14:19:53'),
(340, 1, '-7.70945931136371', '110.4051069924925', NULL, NULL, 'dasar2018093012196', '2018-09-30 14:19:53'),
(341, 1, '-7.70934634784873', '110.4051432023142', NULL, NULL, 'dasar2018093012196', '2018-09-30 14:19:53'),
(342, 1, '-7.709294517520009', '110.40525585509283', NULL, NULL, 'dasar2018093012196', '2018-09-30 14:19:53'),
(343, 1, '-7.709163156590782', '110.40540445482316', NULL, NULL, 'dasar2018093012196', '2018-09-30 14:19:53'),
(344, 1, '-7.708918218130022', '110.40552381312432', NULL, NULL, 'dasar2018093012196', '2018-09-30 14:19:53'),
(345, 1, '-7.708809241423822', '110.40559757387223', NULL, NULL, 'dasar2018093012196', '2018-09-30 14:19:53'),
(346, 1, '-7.708736147275909', '110.40581617390694', NULL, NULL, 'dasar2018093012196', '2018-09-30 14:19:53'),
(347, 1, '-7.708612551687971', '110.40590871011796', NULL, NULL, 'dasar2018093012196', '2018-09-30 14:19:53'),
(348, 1, '-7.708414532875097', '110.40594089662613', NULL, NULL, 'dasar2018093012196', '2018-09-30 14:19:53'),
(349, 1, '-7.708249738624616', '110.40595028435769', NULL, NULL, 'dasar2018093012196', '2018-09-30 14:19:53'),
(350, 1, '-7.707751368525176', '110.40618229543747', NULL, NULL, 'dasar2018093012196', '2018-09-30 14:19:53'),
(351, 1, '-7.707619798721035', '110.40622923409524', NULL, NULL, 'dasar2018093012196', '2018-09-30 14:19:53'),
(352, 1, '-7.707357987979019', '110.40620241200509', NULL, NULL, 'dasar2018093012196', '2018-09-30 14:19:53'),
(353, 1, '-7.707254580267938', '110.40620643531861', NULL, NULL, 'dasar2018093012196', '2018-09-30 14:19:53'),
(354, 1, '-7.706971892723226', '110.4064159643915', NULL, NULL, 'dasar2018093012196', '2018-09-30 14:19:54'),
(355, 1, '-7.70672403598565', '110.40657890858915', NULL, NULL, 'dasar2018093012196', '2018-09-30 14:19:54'),
(356, 1, '-7.706440583446446', '110.40660506012705', NULL, NULL, 'dasar2018093012196', '2018-09-30 14:19:54'),
(357, 1, '-7.706120296294577', '110.40663590553072', NULL, NULL, 'dasar2018093012196', '2018-09-30 14:19:54'),
(358, 1, '-7.705918289335614', '110.40665736320284', NULL, NULL, 'dasar2018093012196', '2018-09-30 14:19:54'),
(359, 1, '-7.705815956826209', '110.40664596381453', NULL, NULL, 'dasar2018093012196', '2018-09-30 14:19:54'),
(360, 1, '-7.705635878129465', '110.40643004598883', NULL, NULL, 'dasar2018093012196', '2018-09-30 14:19:54'),
(361, 1, '-7.705547957440484', '110.40642567559894', NULL, NULL, 'dasar2018093012196', '2018-09-30 14:19:54'),
(362, 1, '-7.705290132403712', '110.40659800752815', NULL, NULL, 'dasar2018093012196', '2018-09-30 14:19:54'),
(363, 1, '-7.705076675382123', '110.40671340945755', NULL, NULL, 'dasar2018093012196', '2018-09-30 14:19:54'),
(364, 1, '-7.7049670215127515', '110.40676168921982', NULL, NULL, 'dasar2018093012196', '2018-09-30 14:19:54'),
(365, 1, '-7.704868011265389', '110.40699437085186', NULL, NULL, 'dasar2018093012196', '2018-09-30 14:19:54'),
(366, 1, '-7.704621482293874', '110.40722302917038', NULL, NULL, 'dasar2018093012196', '2018-09-30 14:19:54'),
(367, 1, '-7.7044380805939285', '110.4073081893066', NULL, NULL, 'dasar2018093012196', '2018-09-30 14:19:54'),
(368, 1, '-7.704350366709371', '110.40734641078507', NULL, NULL, 'dasar2018093012196', '2018-09-30 14:19:54'),
(369, 1, '-7.704069947956549', '110.4076776635984', NULL, NULL, 'dasar2018093012196', '2018-09-30 14:19:54'),
(370, 1, '-7.703751211034029', '110.40771320171598', NULL, NULL, 'dasar2018093012196', '2018-09-30 14:19:54'),
(371, 1, '-7.703536577436245', '110.40778495080713', NULL, NULL, 'dasar2018093012196', '2018-09-30 14:19:54'),
(372, 1, '-7.703292705693171', '110.40780640847925', NULL, NULL, 'dasar2018093012196', '2018-09-30 14:19:54'),
(373, 1, '-7.702952896989456', '110.40784043878148', NULL, NULL, 'dasar2018093012196', '2018-09-30 14:19:54'),
(374, 1, '-7.702795626406899', '110.40789654692605', NULL, NULL, 'dasar2018093012196', '2018-09-30 14:19:54'),
(375, 1, '-7.702709270862618', '110.40792735842422', NULL, NULL, 'dasar2018093012196', '2018-09-30 14:19:54'),
(376, 1, '-7.7025574321812265', '110.40800044861987', NULL, NULL, 'dasar2018093012196', '2018-09-30 14:19:54'),
(377, 1, '-7.702445131327154', '110.40805006948665', NULL, NULL, 'dasar2018093012196', '2018-09-30 14:19:54'),
(378, 1, '-7.7022723607242956', '110.40812081274942', NULL, NULL, 'dasar2018093012196', '2018-09-30 14:19:54'),
(379, 1, '-7.702109635935698', '110.40818675856303', NULL, NULL, 'dasar2018093012196', '2018-09-30 14:19:55');

-- --------------------------------------------------------

--
-- Table structure for table `migrations`
--

CREATE TABLE `migrations` (
  `id` int(10) UNSIGNED NOT NULL,
  `migration` varchar(255) COLLATE utf8mb4_unicode_ci NOT NULL,
  `batch` int(11) NOT NULL
) ENGINE=InnoDB DEFAULT CHARSET=utf8mb4 COLLATE=utf8mb4_unicode_ci;

--
-- Dumping data for table `migrations`
--

INSERT INTO `migrations` (`id`, `migration`, `batch`) VALUES
(1, '2014_10_12_000000_create_users_table', 1),
(2, '2014_10_12_100000_create_password_resets_table', 1),
(3, '2020_03_13_165537_create_table_variable', 2),
(4, '2020_03_13_172948_create_table_himpunan', 3),
(5, '2020_03_17_195247_create_table_titik', 4),
(6, '2020_03_17_195551_create_table_titik2', 5),
(7, '2020_03_22_062449_add_urutan_column_himpunan_table', 6),
(8, '2020_04_02_115430_add_status_column_variable_table', 7),
(9, '2020_04_03_152541_create_table_aturan', 8),
(10, '2020_04_03_152620_create_table_detail_aturan', 8),
(11, '2020_04_09_150907_create_table_data_input', 9),
(12, '2020_04_09_151558_create_table_detail_data_input', 9),
(13, '2020_04_09_152045_create_table_sungai', 9),
(14, '2020_04_09_152057_create_table_koordinate_sungai', 9),
(15, '2020_04_09_214626_add_sungai_id_column_users_table', 10),
(16, '2020_04_11_004354_add_id_kel_dasar_sub_column_koordinate_sungai_table', 11);

-- --------------------------------------------------------

--
-- Table structure for table `password_resets`
--

CREATE TABLE `password_resets` (
  `email` varchar(255) COLLATE utf8mb4_unicode_ci NOT NULL,
  `token` varchar(255) COLLATE utf8mb4_unicode_ci NOT NULL,
  `created_at` timestamp NULL DEFAULT NULL
) ENGINE=InnoDB DEFAULT CHARSET=utf8mb4 COLLATE=utf8mb4_unicode_ci;

-- --------------------------------------------------------

--
-- Table structure for table `sungai`
--

CREATE TABLE `sungai` (
  `id` int(10) UNSIGNED NOT NULL,
  `sungai` varchar(255) COLLATE utf8mb4_unicode_ci NOT NULL,
  `created_at` timestamp NULL DEFAULT NULL,
  `updated_at` timestamp NULL DEFAULT NULL
) ENGINE=InnoDB DEFAULT CHARSET=utf8mb4 COLLATE=utf8mb4_unicode_ci;

--
-- Dumping data for table `sungai`
--

INSERT INTO `sungai` (`id`, `sungai`, `created_at`, `updated_at`) VALUES
(1, 'Sungai Gajah Wong', '2020-04-09 16:25:01', '2020-04-09 16:25:01');

-- --------------------------------------------------------

--
-- Table structure for table `titik`
--

CREATE TABLE `titik` (
  `id` int(11) NOT NULL,
  `titikx` varchar(20) COLLATE utf8mb4_unicode_ci NOT NULL,
  `titiky` varchar(20) COLLATE utf8mb4_unicode_ci NOT NULL,
  `himpunan_id` int(10) UNSIGNED NOT NULL,
  `urutan` int(11) NOT NULL,
  `created_at` timestamp NULL DEFAULT NULL,
  `updated_at` timestamp NULL DEFAULT NULL
) ENGINE=InnoDB DEFAULT CHARSET=utf8mb4 COLLATE=utf8mb4_unicode_ci;

--
-- Dumping data for table `titik`
--

INSERT INTO `titik` (`id`, `titikx`, `titiky`, `himpunan_id`, `urutan`, `created_at`, `updated_at`) VALUES
(1, '0', '0', 99, 1, '2020-04-10 16:14:10', '2020-04-10 16:14:10'),
(2, '1', '1', 99, 2, '2020-04-10 16:14:10', '2020-04-10 16:14:10'),
(3, '5', '1', 1, 1, '2020-04-10 16:14:10', '2020-04-10 16:14:10'),
(4, '7', '0', 1, 2, '2020-04-10 16:14:10', '2020-04-10 16:14:10'),
(5, '5', '0', 2, 1, '2020-04-10 16:14:10', '2020-04-10 16:14:10'),
(6, '7', '1', 2, 2, '2020-04-10 16:14:10', '2020-04-10 16:14:10'),
(7, '9', '1', 2, 3, '2020-04-10 16:14:10', '2020-04-10 16:14:10'),
(8, '11', '0', 2, 4, '2020-04-10 16:14:10', '2020-04-10 16:14:10'),
(9, '9', '0', 3, 1, '2020-04-10 16:14:10', '2020-04-10 16:14:10'),
(10, '11', '1', 3, 2, '2020-04-10 16:14:10', '2020-04-10 16:14:10'),
(11, '13', '1', 3, 3, '2020-04-10 16:14:11', '2020-04-10 16:14:11'),
(12, '15', '0', 3, 4, '2020-04-10 16:14:11', '2020-04-10 16:14:11'),
(13, '13', '0', 4, 1, '2020-04-10 16:14:11', '2020-04-10 16:14:11'),
(14, '15', '1', 4, 2, '2020-04-10 16:14:11', '2020-04-10 16:14:11'),
(15, '19', '1', 99, 3, '2020-04-10 16:14:11', '2020-04-10 16:14:11'),
(16, '20', '0', 99, 4, '2020-04-10 16:14:11', '2020-04-10 16:14:11'),
(17, '0', '1', 5, 1, '2020-04-10 16:16:17', '2020-04-10 16:16:17'),
(18, '1', '0', 5, 2, '2020-04-10 16:16:17', '2020-04-10 16:16:17'),
(19, '0', '0', 6, 1, '2020-04-10 16:16:17', '2020-04-10 16:16:17'),
(20, '1', '1', 6, 2, '2020-04-10 16:16:17', '2020-04-10 16:16:17'),
(21, '2', '1', 6, 3, '2020-04-10 16:16:17', '2020-04-10 16:16:17'),
(22, '4', '0', 6, 4, '2020-04-10 16:16:17', '2020-04-10 16:16:17'),
(23, '2', '0', 7, 1, '2020-04-10 16:16:17', '2020-04-10 16:16:17'),
(24, '4', '1', 7, 2, '2020-04-10 16:16:18', '2020-04-10 16:16:18'),
(25, '7', '1', 7, 3, '2020-04-10 16:16:18', '2020-04-10 16:16:18'),
(26, '9', '0', 7, 4, '2020-04-10 16:16:18', '2020-04-10 16:16:18'),
(27, '7', '0', 8, 1, '2020-04-10 16:16:18', '2020-04-10 16:16:18'),
(28, '9', '1', 8, 2, '2020-04-10 16:16:18', '2020-04-10 16:16:18'),
(29, '19', '1', 99, 3, '2020-04-10 16:16:18', '2020-04-10 16:16:18'),
(30, '20', '0', 99, 4, '2020-04-10 16:16:18', '2020-04-10 16:16:18'),
(31, '0', '1', 9, 1, '2020-04-10 16:21:27', '2020-04-10 16:21:27'),
(32, '1', '0', 9, 2, '2020-04-10 16:21:27', '2020-04-10 16:21:27'),
(33, '0', '0', 10, 1, '2020-04-10 16:21:27', '2020-04-10 16:21:27'),
(34, '1', '1', 10, 2, '2020-04-10 16:21:27', '2020-04-10 16:21:27'),
(35, '14', '1', 10, 3, '2020-04-10 16:21:28', '2020-04-10 16:21:28'),
(36, '15', '0', 10, 4, '2020-04-10 16:21:28', '2020-04-10 16:21:28'),
(37, '14', '0', 11, 1, '2020-04-10 16:21:28', '2020-04-10 16:21:28'),
(38, '15', '1', 11, 2, '2020-04-10 16:21:28', '2020-04-10 16:21:28'),
(39, '40', '1', 11, 3, '2020-04-10 16:21:28', '2020-04-10 16:21:28'),
(40, '41', '0', 11, 4, '2020-04-10 16:21:28', '2020-04-10 16:21:28'),
(41, '40', '0', 12, 1, '2020-04-10 16:21:28', '2020-04-10 16:21:28'),
(42, '41', '1', 12, 2, '2020-04-10 16:21:28', '2020-04-10 16:21:28'),
(43, '99', '1', 99, 3, '2020-04-10 16:21:28', '2020-04-10 16:21:28'),
(44, '100', '0', 99, 4, '2020-04-10 16:21:28', '2020-04-10 16:21:28'),
(45, '0', '0', 13, 1, '2020-04-10 17:24:41', '2020-04-10 17:24:41'),
(46, '1', '1', 13, 2, '2020-04-10 17:24:41', '2020-04-10 17:24:41'),
(47, '1.7', '1', 13, 3, '2020-04-10 17:24:41', '2020-04-10 17:24:41'),
(48, '1.8', '0', 13, 4, '2020-04-10 17:24:41', '2020-04-10 17:24:41'),
(49, '1.7', '0', 14, 1, '2020-04-10 17:24:41', '2020-04-10 17:24:41'),
(50, '1.8', '1', 14, 2, '2020-04-10 17:24:41', '2020-04-10 17:24:41'),
(51, '2.5', '1', 14, 3, '2020-04-10 17:24:41', '2020-04-10 17:24:41'),
(52, '2.6', '0', 14, 4, '2020-04-10 17:24:41', '2020-04-10 17:24:41'),
(53, '2.5', '0', 15, 1, '2020-04-10 17:24:41', '2020-04-10 17:24:41'),
(54, '2.6', '1', 15, 2, '2020-04-10 17:24:41', '2020-04-10 17:24:41'),
(55, '3.2', '1', 15, 3, '2020-04-10 17:24:41', '2020-04-10 17:24:41'),
(56, '3.3', '0', 15, 4, '2020-04-10 17:24:41', '2020-04-10 17:24:41'),
(57, '3.2', '0', 16, 1, '2020-04-10 17:24:41', '2020-04-10 17:24:41'),
(58, '3.3', '1', 16, 2, '2020-04-10 17:24:41', '2020-04-10 17:24:41'),
(59, '4', '1', 16, 3, '2020-04-10 17:24:41', '2020-04-10 17:24:41'),
(60, '4.1', '0', 16, 4, '2020-04-10 17:24:41', '2020-04-10 17:24:41'),
(61, '0', '0', 17, 1, '2020-04-10 17:29:23', '2020-04-10 17:29:23'),
(62, '0.5', '1', 17, 2, '2020-04-10 17:29:23', '2020-04-10 17:29:23'),
(63, '1.7', '1', 17, 3, '2020-04-10 17:29:24', '2020-04-10 17:29:24'),
(64, '1.8', '0', 17, 4, '2020-04-10 17:29:24', '2020-04-10 17:29:24'),
(65, '1.7', '0', 18, 1, '2020-04-10 17:29:24', '2020-04-10 17:29:24'),
(66, '1.8', '1', 18, 2, '2020-04-10 17:29:24', '2020-04-10 17:29:24'),
(67, '2.5', '1', 18, 3, '2020-04-10 17:29:24', '2020-04-10 17:29:24'),
(68, '2.6', '0', 18, 4, '2020-04-10 17:29:24', '2020-04-10 17:29:24'),
(69, '2.5', '0', 19, 1, '2020-04-10 17:29:24', '2020-04-10 17:29:24'),
(70, '2.6', '1', 19, 2, '2020-04-10 17:29:24', '2020-04-10 17:29:24'),
(71, '3.2', '1', 19, 3, '2020-04-10 17:29:24', '2020-04-10 17:29:24'),
(72, '3.3', '0', 19, 4, '2020-04-10 17:29:24', '2020-04-10 17:29:24'),
(73, '3.2', '0', 20, 1, '2020-04-10 17:29:24', '2020-04-10 17:29:24'),
(74, '3.3', '1', 20, 2, '2020-04-10 17:29:24', '2020-04-10 17:29:24'),
(75, '4', '1', 20, 3, '2020-04-10 17:29:24', '2020-04-10 17:29:24'),
(76, '4.1', '0', 20, 4, '2020-04-10 17:29:24', '2020-04-10 17:29:24');

-- --------------------------------------------------------

--
-- Table structure for table `users`
--

CREATE TABLE `users` (
  `id` int(10) UNSIGNED NOT NULL,
  `username` varchar(255) COLLATE utf8mb4_unicode_ci NOT NULL,
  `hp` varchar(20) COLLATE utf8mb4_unicode_ci NOT NULL,
  `status` int(11) NOT NULL,
  `password` varchar(255) COLLATE utf8mb4_unicode_ci NOT NULL,
  `remember_token` varchar(100) COLLATE utf8mb4_unicode_ci DEFAULT NULL,
  `created_at` timestamp NULL DEFAULT NULL,
  `updated_at` timestamp NULL DEFAULT NULL,
  `sungai_id` int(11) NOT NULL
) ENGINE=InnoDB DEFAULT CHARSET=utf8mb4 COLLATE=utf8mb4_unicode_ci;

--
-- Dumping data for table `users`
--

INSERT INTO `users` (`id`, `username`, `hp`, `status`, `password`, `remember_token`, `created_at`, `updated_at`, `sungai_id`) VALUES
(1, 'admin_utama', '087839552693', 0, '$2y$10$EU5Ed8bSZ1xzDpSG3k3WQu43326V.hJFQF7LOFMPJs53Ee2rUOkl6', 'biWHj7U2UPlFfela50joxkl0W8FDQIim5kGySKzxhdrIENsYwtFfbOHPg9vR', NULL, NULL, 0),
(2, 'ayyub', '0871234567', 2, '$2y$10$EU5Ed8bSZ1xzDpSG3k3WQu43326V.hJFQF7LOFMPJs53Ee2rUOkl6', 'PRklrqtTqwp6CNkjMpWmhudBeBHC6tsdPjUzPOj35qZk0q4mlwhRZhO73ZtE', '2020-04-05 17:00:00', '2020-04-05 17:00:00', 1),
(3, 'admin_gajah', '087839552693', 1, '$2y$10$z3yLvk0pO.nKG7Wq4gkx2.a/x2Z00SuGDj0YUqdLUV8I5Amj.Zxpa', 'WHYGIjCQSXFo9R10G36YGbS9W2z8J7wGPQvNQE8FynJxPw7G3sS4RoCRNxrI', '2020-04-09 18:21:46', '2020-04-09 18:21:46', 1);

-- --------------------------------------------------------

--
-- Table structure for table `variable`
--

CREATE TABLE `variable` (
  `id` int(11) NOT NULL,
  `nama_variable` varchar(255) COLLATE utf8mb4_unicode_ci NOT NULL,
  `created_at` timestamp NULL DEFAULT NULL,
  `updated_at` timestamp NULL DEFAULT NULL,
  `status` int(11) NOT NULL
) ENGINE=InnoDB DEFAULT CHARSET=utf8mb4 COLLATE=utf8mb4_unicode_ci;

--
-- Dumping data for table `variable`
--

INSERT INTO `variable` (`id`, `nama_variable`, `created_at`, `updated_at`, `status`) VALUES
(1, 'Keanekaragaman Jenis Famili', '2020-04-09 19:21:19', '2020-04-09 19:21:19', 0),
(2, 'Keanekaragaman Jenis EPT', '2020-04-09 19:21:28', '2020-04-09 19:21:28', 0),
(3, 'Kelimpahan EPT', '2020-04-09 19:21:38', '2020-04-09 19:21:38', 0),
(4, 'Indeks BIOTILIK', '2020-04-09 19:21:44', '2020-04-09 19:21:44', 0),
(5, 'Kualitas Air Sungai', '2020-04-09 19:21:50', '2020-04-09 19:21:50', 1);

--
-- Indexes for dumped tables
--

--
-- Indexes for table `aturan`
--
ALTER TABLE `aturan`
  ADD PRIMARY KEY (`id`);

--
-- Indexes for table `data_input`
--
ALTER TABLE `data_input`
  ADD PRIMARY KEY (`id`),
  ADD KEY `data_input_user_id_foreign` (`user_id`),
  ADD KEY `data_input_sungai_id_foreign` (`sungai_id`);

--
-- Indexes for table `detail_aturan`
--
ALTER TABLE `detail_aturan`
  ADD PRIMARY KEY (`id`);

--
-- Indexes for table `detail_data_input`
--
ALTER TABLE `detail_data_input`
  ADD PRIMARY KEY (`id`),
  ADD KEY `detail_data_input_data_input_id_foreign` (`data_input_id`),
  ADD KEY `detail_data_input_variable_id_foreign` (`variable_id`);

--
-- Indexes for table `himpunan`
--
ALTER TABLE `himpunan`
  ADD PRIMARY KEY (`id`),
  ADD KEY `himpunan_variable_id_foreign` (`variable_id`);

--
-- Indexes for table `koordinate_sungai`
--
ALTER TABLE `koordinate_sungai`
  ADD PRIMARY KEY (`id`),
  ADD KEY `koordinate_sungai_sungai_id_foreign` (`sungai_id`);

--
-- Indexes for table `migrations`
--
ALTER TABLE `migrations`
  ADD PRIMARY KEY (`id`);

--
-- Indexes for table `password_resets`
--
ALTER TABLE `password_resets`
  ADD KEY `password_resets_email_index` (`email`);

--
-- Indexes for table `sungai`
--
ALTER TABLE `sungai`
  ADD PRIMARY KEY (`id`);

--
-- Indexes for table `titik`
--
ALTER TABLE `titik`
  ADD PRIMARY KEY (`id`),
  ADD KEY `titik_himpunan_id_foreign` (`himpunan_id`);

--
-- Indexes for table `users`
--
ALTER TABLE `users`
  ADD PRIMARY KEY (`id`),
  ADD UNIQUE KEY `users_username_unique` (`username`);

--
-- Indexes for table `variable`
--
ALTER TABLE `variable`
  ADD PRIMARY KEY (`id`),
  ADD UNIQUE KEY `variable_nama_variable_unique` (`nama_variable`);

--
-- AUTO_INCREMENT for dumped tables
--

--
-- AUTO_INCREMENT for table `aturan`
--
ALTER TABLE `aturan`
  MODIFY `id` int(11) NOT NULL AUTO_INCREMENT, AUTO_INCREMENT=257;
--
-- AUTO_INCREMENT for table `data_input`
--
ALTER TABLE `data_input`
  MODIFY `id` int(10) UNSIGNED NOT NULL AUTO_INCREMENT, AUTO_INCREMENT=2;
--
-- AUTO_INCREMENT for table `detail_aturan`
--
ALTER TABLE `detail_aturan`
  MODIFY `id` int(11) NOT NULL AUTO_INCREMENT, AUTO_INCREMENT=1281;
--
-- AUTO_INCREMENT for table `detail_data_input`
--
ALTER TABLE `detail_data_input`
  MODIFY `id` int(10) UNSIGNED NOT NULL AUTO_INCREMENT, AUTO_INCREMENT=5;
--
-- AUTO_INCREMENT for table `himpunan`
--
ALTER TABLE `himpunan`
  MODIFY `id` int(11) NOT NULL AUTO_INCREMENT, AUTO_INCREMENT=21;
--
-- AUTO_INCREMENT for table `koordinate_sungai`
--
ALTER TABLE `koordinate_sungai`
  MODIFY `id` int(11) NOT NULL AUTO_INCREMENT, AUTO_INCREMENT=380;
--
-- AUTO_INCREMENT for table `migrations`
--
ALTER TABLE `migrations`
  MODIFY `id` int(10) UNSIGNED NOT NULL AUTO_INCREMENT, AUTO_INCREMENT=17;
--
-- AUTO_INCREMENT for table `sungai`
--
ALTER TABLE `sungai`
  MODIFY `id` int(10) UNSIGNED NOT NULL AUTO_INCREMENT, AUTO_INCREMENT=2;
--
-- AUTO_INCREMENT for table `titik`
--
ALTER TABLE `titik`
  MODIFY `id` int(11) NOT NULL AUTO_INCREMENT, AUTO_INCREMENT=77;
--
-- AUTO_INCREMENT for table `users`
--
ALTER TABLE `users`
  MODIFY `id` int(10) UNSIGNED NOT NULL AUTO_INCREMENT, AUTO_INCREMENT=4;
--
-- AUTO_INCREMENT for table `variable`
--
ALTER TABLE `variable`
  MODIFY `id` int(11) NOT NULL AUTO_INCREMENT, AUTO_INCREMENT=6;
--
-- Constraints for dumped tables
--

--
-- Constraints for table `data_input`
--
ALTER TABLE `data_input`
  ADD CONSTRAINT `data_input_sungai_id_foreign` FOREIGN KEY (`sungai_id`) REFERENCES `sungai` (`id`),
  ADD CONSTRAINT `data_input_user_id_foreign` FOREIGN KEY (`user_id`) REFERENCES `users` (`id`);

--
-- Constraints for table `detail_data_input`
--
ALTER TABLE `detail_data_input`
  ADD CONSTRAINT `detail_data_input_data_input_id_foreign` FOREIGN KEY (`data_input_id`) REFERENCES `data_input` (`id`);

--
-- Constraints for table `koordinate_sungai`
--
ALTER TABLE `koordinate_sungai`
  ADD CONSTRAINT `koordinate_sungai_sungai_id_foreign` FOREIGN KEY (`sungai_id`) REFERENCES `sungai` (`id`);

/*!40101 SET CHARACTER_SET_CLIENT=@OLD_CHARACTER_SET_CLIENT */;
/*!40101 SET CHARACTER_SET_RESULTS=@OLD_CHARACTER_SET_RESULTS */;
/*!40101 SET COLLATION_CONNECTION=@OLD_COLLATION_CONNECTION */;
